zip,year,city,median_income,median_income_moe,households,households_moe,households_poverty,households_poverty_moe,rent_index
94501,2011,ALAMEDA,69572,3725,24212,443,2347,344,2136
94501,2012,ALAMEDA,71096,2233,24405,417,2374,333,2136
94501,2013,ALAMEDA,69076,2126,24671,387,2692,398,2221
94501,2014,ALAMEDA,70935,1729,25121,458,2800,300,2502
94501,2015,ALAMEDA,72884,3608,25527,492,2750,331,3069
94501,2016,ALAMEDA,76787,3432,25507,453,2705,291,3316
94502,2011,ALAMEDA,113650,11432,4875,131,212,96,2363
94502,2012,ALAMEDA,115428,11144,5104,118,209,104,2415
94502,2013,ALAMEDA,105616,9719,5125,128,217,88,2455
94502,2014,ALAMEDA,105480,5802,5225,149,221,114,2822
94502,2015,ALAMEDA,109801,11533,5181,146,166,102,3187
94502,2016,ALAMEDA,115765,10185,5171,145,186,132,3439
94507,2011,ALAMO,150457,14648,5553,243,285,133,4655
94507,2012,ALAMO,149973,11952,5421,250,205,108,4909
94507,2013,ALAMO,160279,13849,5521,236,169,109,5002
94507,2014,ALAMO,163219,14582,5464,222,175,115,5266
94507,2015,ALAMO,165230,8020,5579,235,118,64,5957
94507,2016,ALAMO,172414,15404,5500,221,169,88,6183
94706,2011,ALBANY,73330,6869,7775,226,592,133,2253
94706,2012,ALBANY,74558,7223,7858,267,748,171,2157
94706,2013,ALBANY,81206,8831,7751,267,818,156,2151
94706,2014,ALBANY,81746,6853,7813,230,844,155,2499
94706,2015,ALBANY,80970,5817,7996,249,943,181,3112
94706,2016,ALBANY,86043,3541,7958,221,833,149,3335
95002,2011,ALVISO,83203,31516,517,52,98,60,
95002,2012,ALVISO,83125,28711,559,36,95,48,
95002,2013,ALVISO,70114,23720,540,73,81,44,
95002,2014,ALVISO,73333,13535,500,75,83,39,
95002,2015,ALVISO,72557,17487,543,55,58,33,
95002,2016,ALVISO,74516,10887,552,50,59,36,
94503,2011,AMERICAN CANYON,83176,6602,5420,294,231,99,2037
94503,2012,AMERICAN CANYON,82205,6232,5456,244,302,116,2341
94503,2013,AMERICAN CANYON,82746,3494,5653,208,350,112,2226
94503,2014,AMERICAN CANYON,81918,5941,5755,210,396,128,2228
94503,2015,AMERICAN CANYON,75885,6100,5861,217,575,148,2383
94503,2016,AMERICAN CANYON,83627,3136,5694,231,555,135,2561
94509,2011,ANTIOCH,55018,2076,19964,520,2972,446,1559
94509,2012,ANTIOCH,54441,2333,20595,518,3349,383,1574
94509,2013,ANTIOCH,53953,3814,20773,477,3469,402,1596
94509,2014,ANTIOCH,54372,3058,21230,458,3416,359,1641
94509,2015,ANTIOCH,53998,2904,21588,495,3820,345,1771
94509,2016,ANTIOCH,55022,2626,21443,541,3523,347,1929
94531,2011,ANTIOCH,93113,3716,11152,410,760,224,1928
94531,2012,ANTIOCH,90448,5692,11425,425,894,247,1894
94531,2013,ANTIOCH,87927,5970,11584,377,1010,289,1932
94531,2014,ANTIOCH,88693,7100,11799,383,1026,280,1987
94531,2015,ANTIOCH,88578,5652,12130,399,1023,245,2125
94531,2016,ANTIOCH,90126,4977,12533,348,1127,232,2286
94027,2011,ATHERTON,240833,41638,2308,155,130,71,10831
94027,2012,ATHERTON,218214,56561,2380,138,158,89,11308
94027,2013,ATHERTON,220583,40372,2369,173,110,60,12266
94027,2014,ATHERTON,236912,30208,2474,144,103,52,13425
94027,2015,ATHERTON,236500,29074,2476,134,91,43,15373
94027,2016,ATHERTON,243542,28273,2416,132,114,55,17227
94002,2011,BELMONT,100125,5270,10352,338,519,163,3253
94002,2012,BELMONT,102611,6143,10376,298,589,176,3386
94002,2013,BELMONT,102090,6370,10508,320,578,171,3557
94002,2014,BELMONT,105985,4777,10550,350,687,183,3897
94002,2015,BELMONT,109111,6937,10334,291,594,172,4518
94002,2016,BELMONT,119530,6235,10245,287,468,142,4701
94920,2011,BELVEDERE TIBURON,138068,17677,5149,272,278,142,6128
94920,2012,BELVEDERE TIBURON,136926,25309,5249,290,379,171,6107
94920,2013,BELVEDERE TIBURON,138884,20609,5411,289,321,121,6855
94920,2014,BELVEDERE TIBURON,132486,18884,5423,296,298,108,7620
94920,2015,BELVEDERE TIBURON,144625,23517,5435,257,306,121,8278
94920,2016,BELVEDERE TIBURON,155710,12086,5402,224,255,103,8468
94510,2011,BENICIA,90539,4635,10679,314,721,174,2110
94510,2012,BENICIA,88904,4323,10723,334,766,177,2086
94510,2013,BENICIA,88930,6842,10729,307,710,174,2217
94510,2014,BENICIA,89500,4373,10814,243,758,193,2338
94510,2015,BENICIA,88871,5302,10861,249,748,201,2490
94510,2016,BENICIA,87569,5797,11007,298,867,212,2626
94702,2011,BERKELEY,55581,5177,7149,298,1102,260,
94702,2012,BERKELEY,54825,4652,7239,270,1238,252,
94702,2013,BERKELEY,57457,5678,7473,223,1345,194,
94702,2014,BERKELEY,59628,5705,7539,269,1372,218,
94702,2015,BERKELEY,63196,5329,7581,254,1365,205,
94702,2016,BERKELEY,67280,5192,7726,230,1295,257,
94703,2011,BERKELEY,52e3,4730,8810,278,1498,276,2167
94703,2012,BERKELEY,54805,5679,8651,257,1549,230,2067
94703,2013,BERKELEY,55554,6464,8787,266,1662,271,2108
94703,2014,BERKELEY,58613,4440,8960,307,1835,313,2371
94703,2015,BERKELEY,65830,5441,8887,327,1665,276,3097
94703,2016,BERKELEY,68842,5905,8863,262,1657,241,3300
94704,2011,BERKELEY,33066,3425,8053,363,2838,316,1776
94704,2012,BERKELEY,34169,4341,7865,317,2784,329,1854
94704,2013,BERKELEY,31116,4917,8067,319,3215,329,1921
94704,2014,BERKELEY,30997,4720,8042,356,3235,356,2186
94704,2015,BERKELEY,26478,3448,8143,294,3588,372,2775
94704,2016,BERKELEY,26173,2043,8139,328,3516,300,3121
94705,2011,BERKELEY,90645,7812,5781,234,569,121,2919
94705,2012,BERKELEY,90411,8198,5857,194,604,125,3093
94705,2013,BERKELEY,94750,9656,5813,201,579,144,2878
94705,2014,BERKELEY,96537,8619,5759,217,648,163,3556
94705,2015,BERKELEY,100298,14098,5840,192,587,130,4206
94705,2016,BERKELEY,105461,13576,5789,191,552,146,4594
94707,2011,BERKELEY,129688,10255,5047,173,126,57,2881
94707,2012,BERKELEY,137770,8617,4995,138,157,69,2980
94707,2013,BERKELEY,138144,12092,5008,173,165,70,2901
94707,2014,BERKELEY,136331,7618,5039,150,205,81,3268
94707,2015,BERKELEY,138868,8653,5132,146,293,105,3914
94707,2016,BERKELEY,140711,6132,4982,142,281,94,4303
94708,2011,BERKELEY,140863,14167,4687,171,221,100,2851
94708,2012,BERKELEY,137540,7912,4794,135,183,86,2889
94708,2013,BERKELEY,140611,6805,4727,156,170,78,2859
94708,2014,BERKELEY,145610,10435,4758,156,156,71,3294
94708,2015,BERKELEY,143816,7760,4738,170,145,57,3985
94708,2016,BERKELEY,147837,9889,4853,134,121,45,4287
94709,2011,BERKELEY,56670,4507,5349,231,673,137,2053
94709,2012,BERKELEY,58853,5201,5306,195,671,137,2075
94709,2013,BERKELEY,57433,4666,5291,217,721,142,2064
94709,2014,BERKELEY,59150,4238,5220,226,799,162,2383
94709,2015,BERKELEY,62473,6125,5219,238,813,167,2965
94709,2016,BERKELEY,63701,5358,5201,223,794,166,3308
94710,2011,BERKELEY,45125,6183,2565,157,589,128,
94710,2012,BERKELEY,50968,7861,2626,131,553,130,
94710,2013,BERKELEY,63125,18176,2750,157,555,106,
94710,2014,BERKELEY,60952,16990,2816,144,528,119,
94710,2015,BERKELEY,56995,10516,2933,148,510,137,
94710,2016,BERKELEY,63080,16563,2972,144,456,119,
94720,2011,BERKELEY,24010,686,109,60,11,17,
94720,2012,BERKELEY,23795,6261,105,60,24,28,
94720,2013,BERKELEY,23304,20668,66,53,24,27,
94720,2014,BERKELEY,,,30,35,12,21,
94720,2015,BERKELEY,,,28,32,16,26,
94720,2016,BERKELEY,,,29,32,16,26,
94512,2011,BIRDS LANDING,95521,109353,103,68,0,95,
94512,2012,BIRDS LANDING,153359,166547,83,67,0,13,
94512,2013,BIRDS LANDING,142885,161781,84,68,0,12,
94512,2014,BIRDS LANDING,64583,137550,75,69,0,12,
94512,2015,BIRDS LANDING,,,69,78,0,12,
94512,2016,BIRDS LANDING,,,31,34,0,12,
94513,2011,BRENTWOOD,87486,4639,16504,497,1076,268,2090
94513,2012,BRENTWOOD,88219,7340,17287,474,1133,248,2084
94513,2013,BRENTWOOD,91343,5369,17461,526,917,225,2080
94513,2014,BRENTWOOD,89607,6371,18113,480,1038,213,2160
94513,2015,BRENTWOOD,92731,6444,18658,456,1186,329,2313
94513,2016,BRENTWOOD,93951,4685,18745,484,1306,271,2446
94005,2011,BRISBANE,79129,12728,1783,118,56,51,2412
94005,2012,BRISBANE,79171,10628,1883,110,62,53,2485
94005,2013,BRISBANE,78542,11857,1944,152,50,56,2692
94005,2014,BRISBANE,80233,13725,1743,144,67,65,2916
94005,2015,BRISBANE,88141,8222,1783,149,77,73,3367
94005,2016,BRISBANE,91127,14873,1862,146,63,71,3484
94010,2011,BURLINGAME,100528,7779,15978,382,801,206,4423
94010,2012,BURLINGAME,96786,8367,16422,484,950,215,4677
94010,2013,BURLINGAME,109775,10047,16227,410,877,196,5067
94010,2014,BURLINGAME,118125,8205,16258,457,823,217,5343
94010,2015,BURLINGAME,121421,7726,16364,363,910,190,5833
94010,2016,BURLINGAME,125768,7953,16319,407,929,198,5891
94514,2011,BYRON,70783,32695,441,75,20,32,
94514,2012,BYRON,52031,32797,328,97,34,52,
94514,2013,BYRON,50199,29348,317,81,41,53,
94514,2014,BYRON,51992,22865,343,119,11,13,
94514,2015,BYRON,52250,22663,376,124,27,26,
94514,2016,BYRON,54348,19980,434,57,34,28,
94546,2011,CASTRO VALLEY,72128,2981,15939,407,1215,241,2016
94546,2012,CASTRO VALLEY,71986,3291,15944,419,1270,261,2055
94546,2013,CASTRO VALLEY,73099,3455,16054,362,1228,234,2170
94546,2014,CASTRO VALLEY,75500,3905,16280,424,1311,250,2325
94546,2015,CASTRO VALLEY,76269,3515,15957,355,1224,230,2640
94546,2016,CASTRO VALLEY,78556,4635,16329,385,1083,192,2868
94552,2011,CASTRO VALLEY,134256,9936,4925,192,83,80,2547
94552,2012,CASTRO VALLEY,136303,11843,4850,209,140,99,2649
94552,2013,CASTRO VALLEY,138447,17798,4921,186,106,95,2729
94552,2014,CASTRO VALLEY,132826,16841,5144,184,108,82,2965
94552,2015,CASTRO VALLEY,136204,16694,5078,206,131,96,3300
94552,2016,CASTRO VALLEY,131108,14795,5007,202,169,99,3496
94517,2011,CLAYTON,124042,9802,4360,205,125,68,2420
94517,2012,CLAYTON,115570,12968,4494,233,191,105,2508
94517,2013,CLAYTON,116677,8555,4475,238,159,93,2491
94517,2014,CLAYTON,121367,12751,4648,226,198,90,2639
94517,2015,CLAYTON,122125,13515,4659,236,202,101,2966
94517,2016,CLAYTON,128398,14173,4737,217,218,93,3228
94518,2011,CONCORD,71770,4556,10149,279,944,231,1981
94518,2012,CONCORD,71663,5338,10078,312,1001,265,2028
94518,2013,CONCORD,70546,5134,10233,313,1171,265,2145
94518,2014,CONCORD,73040,5356,10127,334,1033,248,2323
94518,2015,CONCORD,73372,4416,10263,245,1080,229,2478
94518,2016,CONCORD,78301,4850,10249,264,907,217,2707
94519,2011,CONCORD,70773,7791,6869,247,424,161,1790
94519,2012,CONCORD,71262,4867,6897,218,488,153,1816
94519,2013,CONCORD,70476,4046,6858,192,566,171,1927
94519,2014,CONCORD,67607,4452,6833,226,726,215,2115
94519,2015,CONCORD,71121,5770,6836,224,609,152,2304
94519,2016,CONCORD,74351,4967,6804,223,620,195,2445
94520,2011,CONCORD,46565,2716,12703,380,2001,307,1565
94520,2012,CONCORD,48116,2743,12710,356,2045,299,1633
94520,2013,CONCORD,47313,3296,12677,360,2284,358,1730
94520,2014,CONCORD,47656,3345,12827,322,2355,355,1836
94520,2015,CONCORD,47048,2682,13046,308,2409,366,2031
94520,2016,CONCORD,51096,2424,13242,319,2223,366,2248
94521,2011,CONCORD,79040,4927,15891,359,964,238,1963
94521,2012,CONCORD,81140,5306,15805,339,936,231,1994
94521,2013,CONCORD,81144,5780,15657,398,1042,242,2131
94521,2014,CONCORD,84819,5247,15787,379,1187,231,2295
94521,2015,CONCORD,86662,5682,15854,378,1181,217,2447
94521,2016,CONCORD,88339,4973,16069,396,1167,248,2629
94925,2011,CORTE MADERA,106541,6761,3936,161,130,86,3223
94925,2012,CORTE MADERA,107723,7891,3922,187,159,80,3301
94925,2013,CORTE MADERA,107193,12638,3909,222,153,72,3581
94925,2014,CORTE MADERA,113279,16483,3797,157,165,70,4e3
94925,2015,CORTE MADERA,122868,16347,3784,213,178,90,4612
94925,2016,CORTE MADERA,125915,11134,3802,202,118,66,4704
94525,2011,CROCKETT,76278,8106,1449,130,138,86,1724
94525,2012,CROCKETT,81304,9004,1346,136,108,65,1675
94525,2013,CROCKETT,83716,8802,1392,130,117,68,1769
94525,2014,CROCKETT,81667,14549,1400,116,121,57,1844
94525,2015,CROCKETT,77250,20261,1394,117,159,70,2172
94525,2016,CROCKETT,78750,19137,1436,117,147,65,2352
94014,2011,DALY CITY,70689,3999,13690,334,1155,241,2255
94014,2012,DALY CITY,68495,2320,13606,348,1206,269,2323
94014,2013,DALY CITY,71739,3235,13605,307,1242,261,2485
94014,2014,DALY CITY,71668,2366,13550,316,1404,263,2601
94014,2015,DALY CITY,70957,2625,13595,331,1417,303,3143
94014,2016,DALY CITY,75658,4313,13743,369,1178,231,3338
94015,2011,DALY CITY,78609,2575,19594,428,1416,247,2401
94015,2012,DALY CITY,76954,3340,19548,428,1350,215,2444
94015,2013,DALY CITY,76978,3856,19864,439,1508,280,2576
94015,2014,DALY CITY,78564,4883,19783,402,1614,265,2726
94015,2015,DALY CITY,79395,3668,19916,398,1675,263,3367
94015,2016,DALY CITY,81956,3153,20162,401,1719,237,3509
94506,2011,DANVILLE,166335,9797,7357,232,133,83,3730
94506,2012,DANVILLE,164873,12286,7328,337,168,82,3898
94506,2013,DANVILLE,171214,7043,7385,310,170,82,4097
94506,2014,DANVILLE,176241,10348,7794,322,193,85,4210
94506,2015,DANVILLE,171136,14488,7872,272,219,106,4659
94506,2016,DANVILLE,175947,12458,8207,292,291,120,4767
94526,2011,DANVILLE,121462,8451,11703,356,460,172,3144
94526,2012,DANVILLE,120571,9538,11906,373,542,198,3342
94526,2013,DANVILLE,124511,7980,12227,386,591,203,3406
94526,2014,DANVILLE,128802,7987,12189,351,507,189,3652
94526,2015,DANVILLE,131037,9615,11994,354,511,182,4058
94526,2016,DANVILLE,138287,11621,11986,396,377,152,4191
94528,2011,DIABLO,153860,184506,339,123,0,95,
94528,2012,DIABLO,219688,120523,350,133,0,13,
94528,2013,DIABLO,223893,129949,367,114,0,12,
94528,2014,DIABLO,162328,197378,354,106,0,12,
94528,2015,DIABLO,,,283,142,0,12,
94528,2016,DIABLO,,,318,130,0,12,
95620,2011,DIXON,72201,4836,6802,271,533,150,1641
95620,2012,DIXON,71043,4694,6877,269,589,159,1615
95620,2013,DIXON,71261,7869,6746,308,638,201,1641
95620,2014,DIXON,66291,6027,6789,326,780,216,1680
95620,2015,DIXON,71099,5495,6556,305,700,201,1799
95620,2016,DIXON,72583,4848,6540,294,669,199,1861
94568,2011,DUBLIN,111545,3943,14116,351,568,162,2164
94568,2012,DUBLIN,112717,4514,15171,374,679,185,2274
94568,2013,DUBLIN,114812,4181,15451,384,657,160,2368
94568,2014,DUBLIN,113616,3601,16029,390,636,194,2633
94568,2015,DUBLIN,116199,4908,16697,313,594,145,3004
94568,2016,DUBLIN,126054,4353,17249,320,685,168,3192
94530,2011,EL CERRITO,83472,3407,10142,273,568,143,2181
94530,2012,EL CERRITO,78915,6514,10196,261,664,153,2138
94530,2013,EL CERRITO,84466,4715,10239,270,751,130,2097
94530,2014,EL CERRITO,87598,3841,10160,245,799,144,2395
94530,2015,EL CERRITO,87039,5286,10114,267,873,149,2920
94530,2016,EL CERRITO,91052,5242,10127,238,876,162,3132
94803,2011,EL SOBRANTE,71626,4788,9295,284,665,164,1840
94803,2012,EL SOBRANTE,72218,4155,9258,305,717,179,1832
94803,2013,EL SOBRANTE,75052,3865,9364,268,676,153,1914
94803,2014,EL SOBRANTE,76232,4782,9362,278,810,198,2082
94803,2015,EL SOBRANTE,76545,3902,9328,239,853,171,2364
94803,2016,EL SOBRANTE,78759,4526,9286,249,774,200,2494
94608,2011,EMERYVILLE,52934,4735,12635,556,1948,345,
94608,2012,EMERYVILLE,53936,2942,12915,415,1853,226,
94608,2013,EMERYVILLE,52787,3233,13170,479,1812,321,
94608,2014,EMERYVILLE,55959,3242,13234,472,1875,289,
94608,2015,EMERYVILLE,58917,4180,13748,388,1948,317,
94608,2016,EMERYVILLE,61069,2766,13862,396,2112,296,
94930,2011,FAIRFAX,99015,8604,3642,193,275,106,2549
94930,2012,FAIRFAX,99521,13665,3582,193,225,108,2626
94930,2013,FAIRFAX,89306,12613,3792,180,204,106,2766
94930,2014,FAIRFAX,93049,14821,3766,202,241,116,3118
94930,2015,FAIRFAX,93667,13358,3866,171,241,94,3419
94930,2016,FAIRFAX,99338,13678,3739,187,267,110,3544
94533,2011,FAIRFIELD,57469,2378,21338,447,2965,365,1507
94533,2012,FAIRFIELD,55561,2806,21557,490,3208,395,1509
94533,2013,FAIRFIELD,55413,1805,22178,425,3564,351,1530
94533,2014,FAIRFIELD,56973,1626,22620,424,3435,354,1564
94533,2015,FAIRFIELD,56790,2342,22324,506,3447,341,1654
94533,2016,FAIRFIELD,57316,2347,22886,443,3319,348,1772
94933,2011,FOREST KNOLLS,74309,45518,416,94,36,40,
94933,2012,FOREST KNOLLS,73229,58592,434,116,23,37,
94933,2013,FOREST KNOLLS,69271,19749,394,110,23,37,
94933,2014,FOREST KNOLLS,71667,33866,372,114,21,33,
94933,2015,FOREST KNOLLS,64911,25781,342,104,0,12,
94933,2016,FOREST KNOLLS,76393,20510,285,109,0,12,
94536,2011,FREMONT,84840,4462,23194,505,1359,285,2105
94536,2012,FREMONT,85196,3578,23505,512,1544,348,2178
94536,2013,FREMONT,87001,4529,23866,471,1704,349,2304
94536,2014,FREMONT,92107,3216,23858,366,1812,303,2509
94536,2015,FREMONT,96562,3897,24138,372,1765,279,2854
94536,2016,FREMONT,102450,5097,24293,390,1708,277,3087
94538,2011,FREMONT,81408,3310,19710,400,1182,277,1985
94538,2012,FREMONT,81509,3322,19718,406,1219,239,2006
94538,2013,FREMONT,85945,3789,20217,393,1197,206,2191
94538,2014,FREMONT,87652,3798,20647,343,1158,201,2420
94538,2015,FREMONT,89874,3386,21085,387,1158,227,2752
94538,2016,FREMONT,94193,2803,21489,348,1050,164,2971
94539,2011,FREMONT,138578,4861,15573,319,543,159,3118
94539,2012,FREMONT,141319,6117,15602,385,630,193,3275
94539,2013,FREMONT,143949,5825,15860,260,550,140,3228
94539,2014,FREMONT,144152,5029,15974,282,552,146,3732
94539,2015,FREMONT,145782,5605,16225,268,612,129,4356
94539,2016,FREMONT,152402,5017,16121,270,504,120,4595
94555,2011,FREMONT,108791,4310,11119,243,608,168,2141
94555,2012,FREMONT,109316,5687,11122,244,541,148,2201
94555,2013,FREMONT,111268,3743,11112,263,515,143,2315
94555,2014,FREMONT,114603,4694,11097,210,569,150,2540
94555,2015,FREMONT,118623,4195,11245,226,468,123,2917
94555,2016,FREMONT,124947,5682,11106,224,410,130,3116
94904,2011,GREENBRAE,98638,5872,5460,206,276,117,4084
94904,2012,GREENBRAE,99878,8240,5494,201,274,116,4043
94904,2013,GREENBRAE,102538,9242,5411,181,255,109,4461
94904,2014,GREENBRAE,102237,8769,5440,197,321,108,5038
94904,2015,GREENBRAE,105313,8829,5435,166,291,102,5754
94904,2016,GREENBRAE,111845,14530,5421,155,357,117,6067
94019,2011,HALF MOON BAY,98036,10765,6696,361,399,146,2855
94019,2012,HALF MOON BAY,96172,9600,6616,328,414,140,2929
94019,2013,HALF MOON BAY,100394,5733,6669,385,330,130,3095
94019,2014,HALF MOON BAY,103378,6734,6843,330,251,99,3276
94019,2015,HALF MOON BAY,103535,6296,7021,371,275,124,3912
94019,2016,HALF MOON BAY,107265,6487,7472,318,306,146,4036
94541,2011,HAYWARD,54943,2236,19824,593,2532,384,1710
94541,2012,HAYWARD,55193,2357,19901,464,2806,345,1774
94541,2013,HAYWARD,56656,2450,20025,493,2924,341,1840
94541,2014,HAYWARD,57895,3202,20181,503,3281,407,2026
94541,2015,HAYWARD,61421,2638,20867,406,3400,383,2331
94541,2016,HAYWARD,63801,2594,21204,481,3184,307,2567
94542,2011,HAYWARD,84649,10857,4419,265,656,192,2257
94542,2012,HAYWARD,82658,11025,4350,213,686,199,2333
94542,2013,HAYWARD,84817,8396,4266,232,721,171,2366
94542,2014,HAYWARD,80327,11524,4205,253,674,168,2541
94542,2015,HAYWARD,90986,6328,4322,215,567,155,2857
94542,2016,HAYWARD,99647,8801,4293,203,534,154,3195
94544,2011,HAYWARD,61291,2193,21603,433,2528,315,1739
94544,2012,HAYWARD,62176,1979,21488,491,2459,336,1774
94544,2013,HAYWARD,60448,1740,22004,470,2871,274,1883
94544,2014,HAYWARD,59699,2462,22257,449,3086,373,2057
94544,2015,HAYWARD,60539,2312,22602,357,3128,369,2320
94544,2016,HAYWARD,62660,1844,22570,434,2863,282,2552
94545,2011,HAYWARD,67975,5921,8800,288,651,181,1800
94545,2012,HAYWARD,68965,4924,8792,246,685,155,1860
94545,2013,HAYWARD,69488,3740,9072,229,810,189,1982
94545,2014,HAYWARD,71723,6449,9234,188,888,209,2130
94545,2015,HAYWARD,76773,4963,9325,204,826,171,2366
94545,2016,HAYWARD,81125,6934,9213,196,793,186,2614
94547,2011,HERCULES,94653,6945,8170,354,447,195,1952
94547,2012,HERCULES,92320,6369,8069,316,533,167,1999
94547,2013,HERCULES,97269,6498,8164,313,550,173,2055
94547,2014,HERCULES,100204,5014,8192,303,531,172,2206
94547,2015,HERCULES,100970,5063,8142,306,438,143,2436
94547,2016,HERCULES,102993,4734,8158,277,377,116,2623
94549,2011,LAFAYETTE,132802,9806,10022,283,233,82,3728
94549,2012,LAFAYETTE,136868,11626,10449,301,315,103,3938
94549,2013,LAFAYETTE,135980,10713,10503,275,369,121,4010
94549,2014,LAFAYETTE,137344,10053,10623,322,437,113,4337
94549,2015,LAFAYETTE,137989,9049,10832,324,500,115,4853
94549,2016,LAFAYETTE,147368,12435,10880,316,516,166,4961
94938,2011,LAGUNITAS,90167,15783,322,88,13,22,
94938,2012,LAGUNITAS,94063,20153,289,100,11,16,
94938,2013,LAGUNITAS,100509,16528,345,104,13,20,
94938,2014,LAGUNITAS,96281,22874,345,116,20,27,
94938,2015,LAGUNITAS,95172,74698,300,97,20,30,
94938,2016,LAGUNITAS,103854,48855,319,90,0,12,
94939,2011,LARKSPUR,91408,6835,3170,207,126,69,3723
94939,2012,LARKSPUR,94664,11959,3192,172,102,69,3619
94939,2013,LARKSPUR,97723,11206,3171,162,58,44,4080
94939,2014,LARKSPUR,93750,11260,3242,128,140,86,4580
94939,2015,LARKSPUR,96782,12570,3247,159,142,80,5302
94939,2016,LARKSPUR,99844,12508,3301,149,184,90,5373
94550,2011,LIVERMORE,101448,6724,16454,404,826,211,2201
94550,2012,LIVERMORE,101315,4717,16846,350,844,210,2322
94550,2013,LIVERMORE,102413,3719,17164,442,831,202,2385
94550,2014,LIVERMORE,102952,2844,17481,381,839,188,2586
94550,2015,LIVERMORE,104581,3311,17521,402,774,166,2887
94550,2016,LIVERMORE,109793,5271,17991,347,818,197,3133
94022,2011,LOS ALTOS,156526,13637,7109,217,278,119,
94022,2012,LOS ALTOS,154243,15165,7355,216,324,139,
94022,2013,LOS ALTOS,165534,14752,7391,240,279,131,
94022,2014,LOS ALTOS,182750,15274,7439,202,262,136,
94022,2015,LOS ALTOS,184871,13129,7423,239,259,105,
94022,2016,LOS ALTOS,194014,19271,7485,220,233,68,
94024,2011,LOS ALTOS,166125,14421,7835,192,124,63,
94024,2012,LOS ALTOS,166742,6801,7990,250,147,64,
94024,2013,LOS ALTOS,167384,12824,7898,194,158,52,
94024,2014,LOS ALTOS,167546,9106,7893,200,238,76,
94024,2015,LOS ALTOS,186985,15898,7870,219,198,71,
94024,2016,LOS ALTOS,204534,9651,7865,193,250,82,
94553,2011,MARTINEZ,73426,3994,18924,535,1477,276,1883
94553,2012,MARTINEZ,74708,3559,18873,567,1442,327,1913
94553,2013,MARTINEZ,75672,3445,18489,529,1475,289,2034
94553,2014,MARTINEZ,76669,3326,18498,473,1389,273,2198
94553,2015,MARTINEZ,78673,5143,18922,422,1433,289,2411
94553,2016,MARTINEZ,84638,3751,19051,491,1315,228,2573
94025,2011,MENLO PARK,111154,4689,15680,325,924,213,3545
94025,2012,MENLO PARK,114149,3425,15664,409,1038,172,3622
94025,2013,MENLO PARK,115444,4662,15384,430,919,241,4006
94025,2014,MENLO PARK,119095,6536,15268,358,873,229,4585
94025,2015,MENLO PARK,127236,7604,14832,388,947,197,5108
94025,2016,MENLO PARK,131854,9477,14701,322,1020,191,5344
94941,2011,MILL VALLEY,105935,6964,13006,378,575,146,3742
94941,2012,MILL VALLEY,106752,6871,13136,299,750,157,3637
94941,2013,MILL VALLEY,110221,8036,12929,379,784,160,3898
94941,2014,MILL VALLEY,121209,8871,12713,308,804,191,4560
94941,2015,MILL VALLEY,121689,9426,12968,378,935,208,5243
94941,2016,MILL VALLEY,131703,9377,13117,321,840,165,5411
94030,2011,MILLBRAE,83992,4316,8108,268,534,146,3120
94030,2012,MILLBRAE,86364,7120,8004,214,507,127,3240
94030,2013,MILLBRAE,88451,7342,8038,282,515,112,3388
94030,2014,MILLBRAE,92006,5285,8034,258,508,130,3608
94030,2015,MILLBRAE,93894,4829,8165,210,535,133,4361
94030,2016,MILLBRAE,98709,5631,8071,199,421,110,4342
95035,2011,MILPITAS,94608,5290,18764,407,1119,221,2310
95035,2012,MILPITAS,99527,4644,18961,427,1053,200,2342
95035,2013,MILPITAS,95437,5285,19630,370,1315,205,2450
95035,2014,MILPITAS,98899,3801,20052,410,1464,227,2703
95035,2015,MILPITAS,100148,3223,20871,368,1641,258,3107
95035,2016,MILPITAS,103545,2977,21519,417,1776,258,3295
94556,2011,MORAGA,123974,12820,5508,216,322,132,3408
94556,2012,MORAGA,120051,8536,5692,172,312,125,3636
94556,2013,MORAGA,120960,6989,5726,214,270,102,3699
94556,2014,MORAGA,133088,12216,5824,231,284,114,3970
94556,2015,MORAGA,137639,19026,5777,251,331,115,4424
94556,2016,MORAGA,136771,16367,5698,251,326,106,4586
94038,2011,MOSS BEACH,104219,17518,973,158,100,75,3050
94038,2012,MOSS BEACH,80469,21759,1149,174,136,99,3225
94038,2013,MOSS BEACH,106429,50065,1144,191,134,92,3126
94038,2014,MOSS BEACH,81622,15393,1138,150,132,98,3372
94038,2015,MOSS BEACH,91598,23309,1138,172,83,69,3997
94038,2016,MOSS BEACH,94423,27257,1152,156,53,50,4154
95140,2011,MOUNT HAMILTON,58750,46370,64,40,0,95,
95140,2012,MOUNT HAMILTON,162167,92291,104,57,0,13,
95140,2013,MOUNT HAMILTON,163229,144737,93,56,0,12,
95140,2014,MOUNT HAMILTON,166750,91601,68,40,0,12,
95140,2015,MOUNT HAMILTON,185625,182953,58,41,4,6,
95140,2016,MOUNT HAMILTON,,,90,57,3,6,
94040,2011,MOUNTAIN VIEW,93517,4211,13977,410,934,217,3189
94040,2012,MOUNTAIN VIEW,95072,5638,13921,407,1055,227,3242
94040,2013,MOUNTAIN VIEW,99375,6764,14126,326,1224,246,3496
94040,2014,MOUNTAIN VIEW,101912,6101,14014,377,1293,231,4085
94040,2015,MOUNTAIN VIEW,107244,4986,13986,327,1415,218,4615
94040,2016,MOUNTAIN VIEW,115600,7457,13878,359,1324,256,4632
94043,2011,MOUNTAIN VIEW,91760,7295,11619,327,739,173,2513
94043,2012,MOUNTAIN VIEW,94038,8202,11733,319,806,163,2786
94043,2013,MOUNTAIN VIEW,97552,6981,12042,306,856,197,2841
94043,2014,MOUNTAIN VIEW,100844,6099,12438,300,843,192,3299
94043,2015,MOUNTAIN VIEW,102500,5626,12578,293,769,180,3833
94043,2016,MOUNTAIN VIEW,105030,5920,12814,301,951,196,3917
94558,2011,NAPA,69783,3005,24616,496,1885,337,2074
94558,2012,NAPA,71599,2423,24377,435,1958,305,2283
94558,2013,NAPA,72286,2457,24330,457,1929,307,2200
94558,2014,NAPA,72720,2500,24435,415,1912,249,2282
94558,2015,NAPA,74337,2670,24230,440,1778,251,2555
94558,2016,NAPA,77299,2574,24081,435,1646,184,2619
94559,2011,NAPA,58808,4157,10430,369,984,199,1861
94559,2012,NAPA,58692,4378,10337,324,1020,202,1945
94559,2013,NAPA,56895,4565,10214,327,1022,213,1946
94559,2014,NAPA,58363,4780,10129,277,1071,203,2087
94559,2015,NAPA,61883,3374,10414,279,993,191,2327
94559,2016,NAPA,65891,3606,10570,314,984,190,2466
94560,2011,NEWARK,81777,3543,13007,486,757,188,1983
94560,2012,NEWARK,84922,4279,13005,405,881,171,2031
94560,2013,NEWARK,85847,2594,13178,381,1003,220,2126
94560,2014,NEWARK,86521,2361,13474,331,1003,159,2352
94560,2015,NEWARK,86757,2129,13436,357,1020,177,2680
94560,2016,NEWARK,91965,3594,13522,365,900,156,2893
94946,2011,NICASIO,128125,52970,219,43,7,6,
94946,2012,NICASIO,158333,52981,228,46,10,10,
94946,2013,NICASIO,131250,37844,276,42,13,12,
94946,2014,NICASIO,113281,31470,269,39,16,13,
94946,2015,NICASIO,101250,32766,295,43,23,16,
94946,2016,NICASIO,108750,21319,296,51,22,17,
94945,2011,NOVATO,82380,10378,6629,288,447,173,2543
94945,2012,NOVATO,81661,8398,6791,256,384,161,2563
94945,2013,NOVATO,83026,7205,6837,295,379,130,2738
94945,2014,NOVATO,83638,9424,6901,248,428,115,2935
94945,2015,NOVATO,82100,9493,7218,238,562,152,3278
94945,2016,NOVATO,90685,8165,7198,223,594,156,3500
94947,2011,NOVATO,81889,7161,9366,332,455,148,2400
94947,2012,NOVATO,83873,5647,9506,327,423,123,2449
94947,2013,NOVATO,80719,8063,9578,409,441,146,2608
94947,2014,NOVATO,81879,7238,9787,325,478,136,2829
94947,2015,NOVATO,82434,5766,9946,322,498,167,3139
94947,2016,NOVATO,88119,7934,10067,304,382,144,3366
94949,2011,NOVATO,81505,7743,6932,273,478,159,2700
94949,2012,NOVATO,83415,11771,6972,227,634,190,2868
94949,2013,NOVATO,77308,7443,6866,242,615,157,2984
94949,2014,NOVATO,74009,8546,6798,248,797,203,3248
94949,2015,NOVATO,75879,10388,6857,329,744,244,3579
94949,2016,NOVATO,78568,11174,7175,263,768,242,3781
94601,2011,OAKLAND,36949,3856,14545,436,3905,394,1509
94601,2012,OAKLAND,37609,3492,14479,424,3937,457,1546
94601,2013,OAKLAND,38305,2678,14414,328,3653,392,1604
94601,2014,OAKLAND,39601,2375,14602,361,3789,402,1729
94601,2015,OAKLAND,39184,1998,14931,346,3998,402,2095
94601,2016,OAKLAND,41918,1884,14930,364,3698,324,2498
94602,2011,OAKLAND,71213,6502,11841,337,1149,236,2105
94602,2012,OAKLAND,70105,3777,11809,300,1185,232,2018
94602,2013,OAKLAND,71510,3785,11758,299,1064,212,2142
94602,2014,OAKLAND,68813,5019,11975,281,1128,218,2284
94602,2015,OAKLAND,69382,5918,11930,300,1327,224,2802
94602,2016,OAKLAND,72850,4498,11804,289,1321,217,3165
94603,2011,OAKLAND,39045,2862,9162,282,2197,283,1490
94603,2012,OAKLAND,40062,3276,9239,307,2323,345,1532
94603,2013,OAKLAND,40927,2521,9193,295,2296,328,1557
94603,2014,OAKLAND,40962,2732,9382,259,2272,219,1681
94603,2015,OAKLAND,42366,2886,9614,234,2293,272,1899
94603,2016,OAKLAND,44294,3202,9620,227,2205,247,2276
94605,2011,OAKLAND,54210,4222,15183,393,2486,339,1676
94605,2012,OAKLAND,56434,4920,15150,442,2646,371,1690
94605,2013,OAKLAND,56944,3434,15159,480,2701,349,1738
94605,2014,OAKLAND,57610,4196,14933,469,2799,304,1903
94605,2015,OAKLAND,59940,3822,15199,416,2550,300,2276
94605,2016,OAKLAND,62061,3416,15607,445,2582,323,2595
94606,2011,OAKLAND,37985,3157,14979,465,3196,354,1528
94606,2012,OAKLAND,39230,2909,14628,394,3310,384,1576
94606,2013,OAKLAND,38363,2249,14703,380,3619,386,1655
94606,2014,OAKLAND,37288,3149,14603,358,3885,330,1814
94606,2015,OAKLAND,40893,2764,14896,375,3487,311,2305
94606,2016,OAKLAND,43314,2630,14935,293,3604,346,2690
94607,2011,OAKLAND,34091,2791,9914,339,2623,329,1601
94607,2012,OAKLAND,32716,3184,10084,290,2832,317,1649
94607,2013,OAKLAND,32856,3442,10760,338,3127,296,1755
94607,2014,OAKLAND,34192,2961,11020,265,3158,299,2026
94607,2015,OAKLAND,35837,3395,11344,236,3151,237,2565
94607,2016,OAKLAND,35360,2718,11356,251,3131,302,2876
94609,2011,OAKLAND,47049,3696,9697,432,1644,286,2009
94609,2012,OAKLAND,48658,4120,9746,328,1634,271,1931
94609,2013,OAKLAND,52400,3408,9844,357,1566,275,1968
94609,2014,OAKLAND,56378,3977,9823,297,1640,316,2226
94609,2015,OAKLAND,58990,4834,9794,302,1546,270,2968
94609,2016,OAKLAND,67827,5991,9834,287,1433,284,3217
94610,2011,OAKLAND,71656,3007,15351,364,1068,190,
94610,2012,OAKLAND,73127,3573,15408,374,1031,234,
94610,2013,OAKLAND,72848,3632,15340,404,1027,190,
94610,2014,OAKLAND,73850,2841,15364,303,1080,182,
94610,2015,OAKLAND,75477,3656,15562,283,1307,220,
94610,2016,OAKLAND,83052,3573,15594,353,1171,231,
94611,2011,OAKLAND,100667,6698,16886,439,1182,265,
94611,2012,OAKLAND,99475,6431,16522,426,1183,269,
94611,2013,OAKLAND,104967,5471,16439,419,1317,251,
94611,2014,OAKLAND,107577,6752,16714,397,1399,254,
94611,2015,OAKLAND,110999,6406,16911,359,1468,268,
94611,2016,OAKLAND,115065,4274,17020,335,1430,283,
94612,2011,OAKLAND,26213,3097,7515,312,1929,268,1555
94612,2012,OAKLAND,26314,3709,7637,275,2233,289,1616
94612,2013,OAKLAND,26054,4673,7819,294,2332,282,1775
94612,2014,OAKLAND,30879,3912,7997,296,2363,291,2033
94612,2015,OAKLAND,32993,3971,8193,321,2282,233,2581
94612,2016,OAKLAND,35977,4449,8333,280,2138,239,2902
94613,2011,OAKLAND,,,8,14,0,95,
94613,2012,OAKLAND,,,9,14,0,13,
94613,2013,OAKLAND,,,9,14,0,12,
94613,2014,OAKLAND,,,5,9,0,12,
94613,2015,OAKLAND,,,5,8,0,12,
94613,2016,OAKLAND,,,0,12,0,12,
94618,2011,OAKLAND,113523,8414,7532,310,448,162,
94618,2012,OAKLAND,114759,6088,7566,250,513,158,
94618,2013,OAKLAND,116604,7560,7434,262,545,172,
94618,2014,OAKLAND,123575,7672,7205,241,444,121,
94618,2015,OAKLAND,128931,7985,7106,227,422,115,
94618,2016,OAKLAND,139570,13008,6991,227,401,141,
94619,2011,OAKLAND,73938,4840,8896,330,1028,223,1932
94619,2012,OAKLAND,75041,7573,8779,372,970,192,1830
94619,2013,OAKLAND,75963,7119,8563,366,839,193,1881
94619,2014,OAKLAND,78676,5985,8810,317,913,218,2123
94619,2015,OAKLAND,76361,6373,8916,292,871,191,2524
94619,2016,OAKLAND,79225,5968,8979,306,808,190,2872
94621,2011,OAKLAND,32628,2358,8687,353,2516,325,1432
94621,2012,OAKLAND,30780,3551,8918,313,2796,323,1464
94621,2013,OAKLAND,31082,2236,8835,345,2894,290,1505
94621,2014,OAKLAND,30528,2274,9128,375,3113,314,1626
94621,2015,OAKLAND,31903,2058,9410,348,3079,302,1841
94621,2016,OAKLAND,31027,1938,9422,379,3269,341,2232
94561,2011,OAKLEY,77435,5864,10910,408,1036,260,1777
94561,2012,OAKLEY,75605,4245,10987,397,1015,236,1769
94561,2013,OAKLEY,76693,3521,11298,427,1046,241,1791
94561,2014,OAKLEY,77706,5054,11533,431,1052,240,1851
94561,2015,OAKLEY,82060,5394,11703,453,957,243,1978
94561,2016,OAKLEY,81910,4529,11897,422,1023,222,2166
94563,2011,ORINDA,157400,6811,6375,205,162,71,4072
94563,2012,ORINDA,161567,7816,6458,199,164,93,4256
94563,2013,ORINDA,164173,15171,6403,235,147,94,4350
94563,2014,ORINDA,166147,13719,6605,234,137,84,4653
94563,2015,ORINDA,163772,8513,6709,211,209,97,5223
94563,2016,ORINDA,174526,22006,6847,197,222,97,5383
94044,2011,PACIFICA,93469,3497,14215,300,615,156,2487
94044,2012,PACIFICA,96014,3447,14045,345,722,171,2547
94044,2013,PACIFICA,94453,7024,14092,395,755,185,2740
94044,2014,PACIFICA,96719,4941,14219,360,855,178,2928
94044,2015,PACIFICA,100043,4652,14136,353,913,210,3419
94044,2016,PACIFICA,103545,3243,13898,313,848,169,3619
94301,2011,PALO ALTO,135817,11249,7286,274,499,129,4891
94301,2012,PALO ALTO,135709,9576,7355,235,465,125,5379
94301,2013,PALO ALTO,122473,17011,7212,221,577,176,5794
94301,2014,PALO ALTO,134907,14585,7266,238,579,184,6541
94301,2015,PALO ALTO,142168,12743,7131,209,634,157,7397
94301,2016,PALO ALTO,135427,11816,7265,218,671,160,7322
94303,2011,PALO ALTO,73895,5585,13085,393,1542,242,
94303,2012,PALO ALTO,76813,7379,13258,400,1653,306,
94303,2013,PALO ALTO,80127,7887,13477,395,1588,287,
94303,2014,PALO ALTO,89464,7883,13382,398,1471,269,
94303,2015,PALO ALTO,89862,6429,13540,368,1668,277,
94303,2016,PALO ALTO,91866,6013,13913,351,1509,257,
94304,2011,PALO ALTO,101316,21700,1914,122,56,64,
94304,2012,PALO ALTO,104531,14451,1996,132,73,63,
94304,2013,PALO ALTO,103971,17328,1950,113,85,60,
94304,2014,PALO ALTO,101932,14410,1911,119,128,67,
94304,2015,PALO ALTO,104831,21036,1837,115,100,69,
94304,2016,PALO ALTO,105320,12686,1845,107,106,61,
94306,2011,PALO ALTO,112230,8536,10568,307,634,174,3752
94306,2012,PALO ALTO,111432,8796,10675,304,653,173,3889
94306,2013,PALO ALTO,110580,7453,10778,282,801,213,4051
94306,2014,PALO ALTO,111602,7342,10782,284,703,195,4823
94306,2015,PALO ALTO,117976,8600,10641,327,704,201,5740
94306,2016,PALO ALTO,119157,6542,10696,286,693,189,5833
94954,2011,PETALUMA,77022,4951,13453,322,841,178,1920
94954,2012,PETALUMA,78154,5323,13358,316,886,216,1942
94954,2013,PETALUMA,80645,3499,13096,310,830,198,2115
94954,2014,PETALUMA,81980,2655,13228,296,1051,218,2283
94954,2015,PETALUMA,82946,3815,13293,303,987,210,2439
94954,2016,PETALUMA,83713,2249,13449,295,1022,200,2592
94564,2011,PINOLE,80042,4297,6468,260,499,162,1829
94564,2012,PINOLE,77476,7589,6516,303,569,185,1826
94564,2013,PINOLE,76960,6113,6604,305,525,165,1911
94564,2014,PINOLE,74283,5094,6668,205,525,171,2059
94564,2015,PINOLE,71936,4982,6741,281,511,175,2331
94564,2016,PINOLE,73861,4307,6810,251,430,117,2458
94565,2011,PITTSBURG,55614,2169,25593,607,4084,458,1586
94565,2012,PITTSBURG,55709,2026,25392,511,4185,477,1604
94565,2013,PITTSBURG,55255,2651,25998,536,4410,428,1643
94565,2014,PITTSBURG,55865,2201,26076,528,4816,429,1710
94565,2015,PITTSBURG,56311,2154,26906,536,4861,378,1836
94565,2016,PITTSBURG,60020,2502,27453,594,4518,465,2026
94523,2011,PLEASANT HILL,79128,4684,13893,409,1074,282,2087
94523,2012,PLEASANT HILL,77117,6958,13973,370,1147,235,2105
94523,2013,PLEASANT HILL,77485,4597,14177,430,1123,335,2251
94523,2014,PLEASANT HILL,81685,6164,14092,364,1156,264,2382
94523,2015,PLEASANT HILL,81599,7422,14035,380,1141,239,2622
94523,2016,PLEASANT HILL,94042,6594,13943,248,889,196,2939
94566,2011,PLEASANTON,118306,5173,14331,302,609,158,2646
94566,2012,PLEASANTON,119764,6291,14421,314,637,176,2814
94566,2013,PLEASANTON,117475,5462,14644,280,666,170,2848
94566,2014,PLEASANTON,120401,5133,14909,277,709,204,3104
94566,2015,PLEASANTON,122260,4638,15288,280,692,187,3459
94566,2016,PLEASANTON,129064,6781,15829,335,644,171,3663
94588,2011,PLEASANTON,120432,4314,10372,297,442,137,2389
94588,2012,PLEASANTON,120008,8574,10489,307,501,150,2544
94588,2013,PLEASANTON,119849,5292,10698,253,504,150,2609
94588,2014,PLEASANTON,127684,4364,10778,259,397,139,2848
94588,2015,PLEASANTON,128668,6517,11183,251,435,149,3231
94588,2016,PLEASANTON,130888,6683,11849,294,492,177,3385
94569,2011,PORT COSTA,91429,29682,122,82,0,95,
94569,2012,PORT COSTA,92743,14669,169,90,0,13,
94569,2013,PORT COSTA,86719,7787,162,83,0,12,
94569,2014,PORT COSTA,94420,34320,179,79,0,12,
94569,2015,PORT COSTA,110347,50264,179,79,0,12,
94569,2016,PORT COSTA,136875,56728,142,72,0,12,
94028,2011,PORTOLA VALLEY,162727,25902,2556,171,53,83,6608
94028,2012,PORTOLA VALLEY,162271,27671,2607,169,37,58,6899
94028,2013,PORTOLA VALLEY,161205,9295,2653,182,63,68,7534
94028,2014,PORTOLA VALLEY,180174,34585,2671,190,105,81,8639
94028,2015,PORTOLA VALLEY,186641,72372,2645,174,132,81,9668
94028,2016,PORTOLA VALLEY,229554,65659,2641,173,77,58,9139
94061,2011,REDWOOD CITY,74097,2892,13497,373,988,216,2758
94061,2012,REDWOOD CITY,75033,3797,13521,392,959,209,2841
94061,2013,REDWOOD CITY,79833,6222,13510,424,992,208,3199
94061,2014,REDWOOD CITY,81907,6737,13576,408,957,257,3430
94061,2015,REDWOOD CITY,85164,4775,13875,403,1012,223,3971
94061,2016,REDWOOD CITY,89578,5965,14028,311,845,183,4131
94062,2011,REDWOOD CITY,121658,6481,9846,292,449,133,3847
94062,2012,REDWOOD CITY,122260,7063,9985,292,480,159,3930
94062,2013,REDWOOD CITY,125060,7382,9860,369,426,142,4242
94062,2014,REDWOOD CITY,126557,7323,10054,323,486,128,4812
94062,2015,REDWOOD CITY,130395,9747,10272,343,510,156,5397
94062,2016,REDWOOD CITY,135808,9099,10187,326,566,163,5464
94063,2011,REDWOOD CITY,52220,3355,8877,308,1555,215,2234
94063,2012,REDWOOD CITY,51690,2743,8905,284,1520,227,2462
94063,2013,REDWOOD CITY,52818,4191,8771,290,1506,211,2507
94063,2014,REDWOOD CITY,54003,5231,8812,233,1508,213,2825
94063,2015,REDWOOD CITY,55605,3959,9213,246,1572,214,3287
94063,2016,REDWOOD CITY,60434,3934,9437,274,1543,225,3476
94065,2011,REDWOOD CITY,131897,5545,4682,160,142,78,3024
94065,2012,REDWOOD CITY,133981,5548,4670,212,170,96,3118
94065,2013,REDWOOD CITY,132337,7903,4622,186,143,70,3242
94065,2014,REDWOOD CITY,132462,12710,4738,191,114,63,3607
94065,2015,REDWOOD CITY,142142,9111,4975,170,101,53,4168
94065,2016,REDWOOD CITY,145518,14754,5151,171,177,85,4285
94801,2011,RICHMOND,42636,3949,8897,353,2157,303,1476
94801,2012,RICHMOND,43084,3125,9058,312,2202,307,1479
94801,2013,RICHMOND,40030,4060,9169,381,2335,317,1511
94801,2014,RICHMOND,38856,2476,9094,304,2272,301,1634
94801,2015,RICHMOND,42767,4412,9291,312,2283,289,1849
94801,2016,RICHMOND,43393,4807,9234,295,2130,219,2134
94804,2011,RICHMOND,50346,2891,13628,384,2442,440,1539
94804,2012,RICHMOND,50701,3658,13971,462,2631,408,1550
94804,2013,RICHMOND,49261,3181,14162,385,2700,378,1635
94804,2014,RICHMOND,49541,3018,14306,398,2559,340,1748
94804,2015,RICHMOND,48282,3186,14597,416,2816,357,2061
94804,2016,RICHMOND,51276,3491,14536,400,2712,370,2295
94805,2011,RICHMOND,63507,6508,5154,212,457,160,1639
94805,2012,RICHMOND,62901,8919,4965,266,455,159,1629
94805,2013,RICHMOND,65747,5702,5107,221,554,152,1734
94805,2014,RICHMOND,66079,7012,5232,226,541,169,1861
94805,2015,RICHMOND,67110,4243,5327,190,570,166,2239
94805,2016,RICHMOND,72009,3814,5349,203,512,159,2409
94571,2011,RIO VISTA,57599,7488,3648,230,338,118,1485
94571,2012,RIO VISTA,60556,8437,3762,242,300,114,1468
94571,2013,RIO VISTA,54223,8646,3828,283,276,110,1436
94571,2014,RIO VISTA,61563,8635,3648,282,274,115,1486
94571,2015,RIO VISTA,60579,9326,3928,214,364,147,1582
94571,2016,RIO VISTA,54852,11889,4203,236,421,153,1674
94572,2011,RODEO,65984,5247,2957,156,411,138,1793
94572,2012,RODEO,63803,5864,2897,173,398,145,1781
94572,2013,RODEO,64756,5293,2878,177,310,122,1882
94572,2014,RODEO,68701,4034,3043,135,316,109,1947
94572,2015,RODEO,64089,8228,3167,128,416,127,2211
94572,2016,RODEO,70227,11886,3184,132,449,137,2368
94960,2011,SAN ANSELMO,104802,7621,6203,276,402,144,3099
94960,2012,SAN ANSELMO,106360,3685,6367,218,385,123,3077
94960,2013,SAN ANSELMO,108629,4746,6477,255,336,118,3294
94960,2014,SAN ANSELMO,108295,7063,6472,238,368,130,3812
94960,2015,SAN ANSELMO,108786,8141,6384,287,244,87,4184
94960,2016,SAN ANSELMO,112045,7125,6416,252,255,102,4379
94066,2011,SAN BRUNO,77509,3695,14805,486,870,212,2442
94066,2012,SAN BRUNO,78521,3267,14829,403,981,195,2526
94066,2013,SAN BRUNO,78911,3844,14886,477,891,230,2714
94066,2014,SAN BRUNO,81369,3508,14658,359,908,176,2840
94066,2015,SAN BRUNO,83888,2935,14899,406,848,166,3445
94066,2016,SAN BRUNO,89008,2450,14842,356,798,183,3654
94070,2011,SAN CARLOS,119777,9178,11603,273,416,150,3307
94070,2012,SAN CARLOS,120579,6700,11647,277,377,147,3454
94070,2013,SAN CARLOS,117679,12190,11620,297,462,115,3672
94070,2014,SAN CARLOS,125335,8004,11870,268,464,134,4125
94070,2015,SAN CARLOS,131199,5893,11857,294,450,118,4658
94070,2016,SAN CARLOS,135030,6341,11701,266,466,111,4760
94102,2011,SAN FRANCISCO,22159,1334,14884,591,4306,481,2686
94102,2012,SAN FRANCISCO,22252,1355,15021,534,4551,408,2839
94102,2013,SAN FRANCISCO,22517,1686,15392,534,4889,440,3164
94102,2014,SAN FRANCISCO,24127,2420,16109,554,5007,466,3627
94102,2015,SAN FRANCISCO,25362,2757,16463,631,4913,481,4103
94102,2016,SAN FRANCISCO,29456,3197,17135,474,4983,463,4154
94103,2011,SAN FRANCISCO,42801,3337,11230,505,2435,332,2896
94103,2012,SAN FRANCISCO,44145,4708,11566,477,2640,345,3171
94103,2013,SAN FRANCISCO,43364,5125,11687,541,3059,410,3503
94103,2014,SAN FRANCISCO,41612,4208,12161,555,3153,431,3902
94103,2015,SAN FRANCISCO,43321,4953,12728,514,3414,383,4432
94103,2016,SAN FRANCISCO,46140,5566,13501,576,3625,410,4398
94104,2011,SAN FRANCISCO,25568,33347,189,73,80,56,
94104,2012,SAN FRANCISCO,26223,75586,185,55,85,48,
94104,2013,SAN FRANCISCO,48750,83950,156,55,37,25,
94104,2014,SAN FRANCISCO,80341,73745,151,51,31,29,
94104,2015,SAN FRANCISCO,,,176,48,46,33,
94104,2016,SAN FRANCISCO,51500,31547,274,85,31,25,
94105,2011,SAN FRANCISCO,120257,18276,2769,349,160,93,3182
94105,2012,SAN FRANCISCO,142389,31919,3080,387,95,59,3217
94105,2013,SAN FRANCISCO,163949,28237,3337,460,203,135,3771
94105,2014,SAN FRANCISCO,170656,21501,3698,517,280,190,4142
94105,2015,SAN FRANCISCO,172570,46341,3778,482,373,211,4780
94105,2016,SAN FRANCISCO,195165,42940,4015,520,356,202,4658
94107,2011,SAN FRANCISCO,113974,8151,13028,504,1073,258,3047
94107,2012,SAN FRANCISCO,117556,8462,13180,558,1047,309,3294
94107,2013,SAN FRANCISCO,114439,10009,13342,651,1121,310,3604
94107,2014,SAN FRANCISCO,120610,10521,13422,673,1113,304,3975
94107,2015,SAN FRANCISCO,121167,6441,13743,682,1418,332,4595
94107,2016,SAN FRANCISCO,129152,12129,13873,649,1192,255,4557
94108,2011,SAN FRANCISCO,33191,3651,7409,323,1700,244,2904
94108,2012,SAN FRANCISCO,33979,2687,7241,338,1788,278,3006
94108,2013,SAN FRANCISCO,35427,4546,7424,319,1913,260,3329
94108,2014,SAN FRANCISCO,36875,5304,7538,382,1943,250,3647
94108,2015,SAN FRANCISCO,40435,5186,7867,364,1962,265,4324
94108,2016,SAN FRANCISCO,46218,5746,8067,311,1784,228,4394
94109,2011,SAN FRANCISCO,58106,3740,32139,774,4901,540,3048
94109,2012,SAN FRANCISCO,58915,3914,33055,685,5467,584,3324
94109,2013,SAN FRANCISCO,60722,2321,33365,764,5303,515,3693
94109,2014,SAN FRANCISCO,63173,3477,32953,720,4947,569,4063
94109,2015,SAN FRANCISCO,66276,3305,33721,646,4814,427,4638
94109,2016,SAN FRANCISCO,71043,5700,33730,604,4825,565,4591
94110,2011,SAN FRANCISCO,76963,2939,26912,565,2878,330,3061
94110,2012,SAN FRANCISCO,79516,3283,27042,617,3255,354,3209
94110,2013,SAN FRANCISCO,82111,2853,27668,497,3458,363,3513
94110,2014,SAN FRANCISCO,84488,4186,27430,524,3351,409,3879
94110,2015,SAN FRANCISCO,90364,4740,28019,604,3454,378,4703
94110,2016,SAN FRANCISCO,97563,4012,28183,454,3178,353,4815
94111,2011,SAN FRANCISCO,92446,12859,2227,202,259,104,3072
94111,2012,SAN FRANCISCO,93393,16221,2217,191,247,99,3372
94111,2013,SAN FRANCISCO,89722,17151,2136,170,244,118,3831
94111,2014,SAN FRANCISCO,103472,16366,2109,153,299,117,3993
94111,2015,SAN FRANCISCO,91603,17370,2118,174,352,123,4585
94111,2016,SAN FRANCISCO,104083,14413,2118,164,312,121,4582
94112,2011,SAN FRANCISCO,72467,4411,21670,386,2109,348,2587
94112,2012,SAN FRANCISCO,72396,3705,21736,334,2086,333,2531
94112,2013,SAN FRANCISCO,71625,3301,22449,411,2380,304,2727
94112,2014,SAN FRANCISCO,71505,2904,22969,411,2376,298,3063
94112,2015,SAN FRANCISCO,72545,3003,23323,341,2439,275,3696
94112,2016,SAN FRANCISCO,77388,3521,23369,314,2075,307,3999
94114,2011,SAN FRANCISCO,111815,4567,16733,423,945,183,3718
94114,2012,SAN FRANCISCO,115734,5649,16440,422,870,170,3776
94114,2013,SAN FRANCISCO,114689,5749,16275,409,992,196,4156
94114,2014,SAN FRANCISCO,122970,6807,16446,362,1027,173,4469
94114,2015,SAN FRANCISCO,125265,4243,16456,330,954,179,5351
94114,2016,SAN FRANCISCO,131442,7706,16580,383,951,185,5606
94115,2011,SAN FRANCISCO,72429,8784,17342,567,2497,383,3417
94115,2012,SAN FRANCISCO,73797,6058,17471,501,2605,349,3598
94115,2013,SAN FRANCISCO,76952,7378,17755,507,2629,394,3892
94115,2014,SAN FRANCISCO,85330,5051,17840,550,2724,340,4309
94115,2015,SAN FRANCISCO,89811,6473,17732,498,2550,370,5146
94115,2016,SAN FRANCISCO,97090,7552,17343,472,2341,367,5275
94116,2011,SAN FRANCISCO,83657,4762,15080,347,1037,249,2744
94116,2012,SAN FRANCISCO,82648,5584,14913,386,1173,219,2834
94116,2013,SAN FRANCISCO,83407,5460,15347,427,1462,282,3031
94116,2014,SAN FRANCISCO,84828,4390,15560,352,1506,256,3485
94116,2015,SAN FRANCISCO,87321,5123,15826,285,1369,260,3941
94116,2016,SAN FRANCISCO,91930,5602,16032,311,1348,255,4285
94117,2011,SAN FRANCISCO,85151,5781,18468,497,1878,291,3555
94117,2012,SAN FRANCISCO,91303,5913,18215,513,1954,339,3656
94117,2013,SAN FRANCISCO,94479,6090,18297,405,2014,339,3940
94117,2014,SAN FRANCISCO,103333,5967,18422,475,1800,277,4336
94117,2015,SAN FRANCISCO,108429,4622,18362,445,1644,312,5159
94117,2016,SAN FRANCISCO,122266,6456,18404,455,1629,328,5431
94118,2011,SAN FRANCISCO,74967,5900,17010,508,1487,278,3622
94118,2012,SAN FRANCISCO,81545,6683,17086,414,1711,354,3596
94118,2013,SAN FRANCISCO,82857,7973,17314,429,1849,377,3875
94118,2014,SAN FRANCISCO,82993,4769,17477,440,1981,381,4373
94118,2015,SAN FRANCISCO,86999,5007,17663,444,2148,408,5298
94118,2016,SAN FRANCISCO,94197,6778,17784,356,1986,342,5630
94121,2011,SAN FRANCISCO,77612,4223,17463,370,1611,299,3172
94121,2012,SAN FRANCISCO,72371,5778,17396,328,1812,268,3051
94121,2013,SAN FRANCISCO,72756,4867,17298,350,1728,266,3284
94121,2014,SAN FRANCISCO,70220,4636,17207,337,1939,238,3763
94121,2015,SAN FRANCISCO,69813,4722,17388,403,1956,284,4463
94121,2016,SAN FRANCISCO,77280,4184,17405,370,2075,295,4978
94122,2011,SAN FRANCISCO,79441,4438,21590,480,1772,272,2801
94122,2012,SAN FRANCISCO,77889,3545,21935,417,2055,341,2884
94122,2013,SAN FRANCISCO,81768,4414,21949,440,2075,312,3142
94122,2014,SAN FRANCISCO,86070,4181,22355,447,2090,345,3594
94122,2015,SAN FRANCISCO,90514,2456,22882,371,2084,265,4093
94122,2016,SAN FRANCISCO,97091,4670,23189,336,1954,315,4385
94123,2011,SAN FRANCISCO,104485,5024,13492,404,846,247,4388
94123,2012,SAN FRANCISCO,107226,4582,13774,387,887,198,4240
94123,2013,SAN FRANCISCO,112650,9551,14007,409,809,230,4849
94123,2014,SAN FRANCISCO,121200,9668,14039,348,836,228,5209
94123,2015,SAN FRANCISCO,124231,7948,13962,326,898,201,6757
94123,2016,SAN FRANCISCO,130589,5843,13931,295,774,189,6814
94124,2011,SAN FRANCISCO,46025,3230,9817,330,1898,236,2540
94124,2012,SAN FRANCISCO,46692,3548,10083,348,2177,261,2437
94124,2013,SAN FRANCISCO,50146,3567,10290,357,2233,281,2569
94124,2014,SAN FRANCISCO,49594,3790,10281,342,2489,314,2995
94124,2015,SAN FRANCISCO,49945,3731,10501,316,2562,297,3636
94124,2016,SAN FRANCISCO,53322,3236,10612,224,2428,282,3848
94127,2011,SAN FRANCISCO,138003,7635,7258,332,195,96,3387
94127,2012,SAN FRANCISCO,128079,12337,7319,268,212,88,3287
94127,2013,SAN FRANCISCO,131351,11756,7395,296,253,108,3409
94127,2014,SAN FRANCISCO,131108,6550,7258,286,297,105,3963
94127,2015,SAN FRANCISCO,131842,7740,7208,298,293,114,4813
94127,2016,SAN FRANCISCO,138381,11546,7535,270,314,101,5072
94128,2011,SAN FRANCISCO,,,0,95,0,95,
94128,2012,SAN FRANCISCO,,,0,13,0,13,
94128,2013,SAN FRANCISCO,,,0,12,0,12,
94128,2014,SAN FRANCISCO,,,0,12,0,12,
94128,2015,SAN FRANCISCO,,,0,12,0,12,
94128,2016,SAN FRANCISCO,,,0,12,0,12,
94129,2011,SAN FRANCISCO,118110,18502,999,124,53,38,
94129,2012,SAN FRANCISCO,121313,19994,1014,129,79,54,
94129,2013,SAN FRANCISCO,143320,29819,1057,101,47,38,
94129,2014,SAN FRANCISCO,144886,31223,1189,78,50,34,
94129,2015,SAN FRANCISCO,163786,25981,1258,60,46,38,
94129,2016,SAN FRANCISCO,174564,15312,1285,69,20,23,
94130,2011,SAN FRANCISCO,35417,4283,615,81,149,67,
94130,2012,SAN FRANCISCO,36553,5200,629,65,164,65,
94130,2013,SAN FRANCISCO,37500,11355,618,73,167,67,
94130,2014,SAN FRANCISCO,38077,6006,628,70,199,68,
94130,2015,SAN FRANCISCO,40769,10843,624,88,192,61,
94130,2016,SAN FRANCISCO,49271,9399,602,72,189,59,
94131,2011,SAN FRANCISCO,92755,5235,13262,415,743,207,3225
94131,2012,SAN FRANCISCO,94770,3836,12998,396,846,196,3259
94131,2013,SAN FRANCISCO,96889,5886,12837,332,692,186,3472
94131,2014,SAN FRANCISCO,100114,7037,13211,405,773,216,3904
94131,2015,SAN FRANCISCO,101496,5082,13254,372,922,244,4793
94131,2016,SAN FRANCISCO,111083,9897,13088,335,862,196,4919
94132,2011,SAN FRANCISCO,69560,5022,10551,316,1697,248,2628
94132,2012,SAN FRANCISCO,67943,6136,10642,285,1886,279,2641
94132,2013,SAN FRANCISCO,69223,5383,10472,255,1837,254,2836
94132,2014,SAN FRANCISCO,66607,5564,10492,268,1804,236,3249
94132,2015,SAN FRANCISCO,70627,3131,10391,249,1803,231,3923
94132,2016,SAN FRANCISCO,68711,5128,10388,250,1905,214,4155
94133,2011,SAN FRANCISCO,50378,7426,13444,458,2421,328,3682
94133,2012,SAN FRANCISCO,46841,6265,13448,483,2592,296,3685
94133,2013,SAN FRANCISCO,50485,6487,13454,469,2616,338,4312
94133,2014,SAN FRANCISCO,53150,8285,13380,356,2593,333,4530
94133,2015,SAN FRANCISCO,54496,10107,13230,364,2726,371,5535
94133,2016,SAN FRANCISCO,55098,9034,13105,398,2664,294,5653
94134,2011,SAN FRANCISCO,57075,3688,11125,366,1492,248,2528
94134,2012,SAN FRANCISCO,59690,4757,10963,284,1492,220,2441
94134,2013,SAN FRANCISCO,56716,4823,11385,356,1620,234,2643
94134,2014,SAN FRANCISCO,60230,5607,11691,290,1749,243,2973
94134,2015,SAN FRANCISCO,62773,4439,11661,274,1726,213,3588
94134,2016,SAN FRANCISCO,66925,4178,11927,246,1538,187,3903
94963,2011,SAN GERONIMO,103807,36049,221,66,8,12,
94963,2012,SAN GERONIMO,98221,40956,239,76,9,15,
94963,2013,SAN GERONIMO,83009,28033,205,69,9,14,
94963,2014,SAN GERONIMO,79485,18649,207,65,9,15,
94963,2015,SAN GERONIMO,85855,14599,269,80,10,16,
94963,2016,SAN GERONIMO,91806,26600,257,82,9,15,
95134,2011,SAN JOSE,101539,5921,6375,204,424,167,2155
95134,2012,SAN JOSE,104814,8036,6429,247,405,144,2289
95134,2013,SAN JOSE,113212,9520,6534,234,405,172,2431
95134,2014,SAN JOSE,114757,10946,6945,238,507,169,2684
95134,2015,SAN JOSE,120685,6877,7736,279,441,152,2997
95134,2016,SAN JOSE,126515,2362,8901,286,548,177,3095
94577,2011,SAN LEANDRO,62539,3691,16047,469,1398,261,1786
94577,2012,SAN LEANDRO,63878,3743,16458,410,1289,223,1803
94577,2013,SAN LEANDRO,63388,3925,16689,322,1419,268,1859
94577,2014,SAN LEANDRO,64660,3527,16793,420,1584,284,2068
94577,2015,SAN LEANDRO,63047,2270,16996,470,1604,219,2359
94577,2016,SAN LEANDRO,65009,3699,17284,347,1590,267,2626
94578,2011,SAN LEANDRO,52512,2593,13223,388,1813,313,1702
94578,2012,SAN LEANDRO,53465,2527,13296,467,1729,256,1766
94578,2013,SAN LEANDRO,51518,2423,13711,355,2030,323,1824
94578,2014,SAN LEANDRO,49095,2824,13927,481,2059,353,1998
94578,2015,SAN LEANDRO,50726,2467,13798,403,1727,268,2283
94578,2016,SAN LEANDRO,50838,3517,14330,395,1873,327,2529
94579,2011,SAN LEANDRO,66489,6711,6555,224,430,132,1852
94579,2012,SAN LEANDRO,67299,6732,6647,261,388,144,1874
94579,2013,SAN LEANDRO,72369,5471,6905,215,492,155,1963
94579,2014,SAN LEANDRO,75481,5326,7144,179,695,212,2143
94579,2015,SAN LEANDRO,69630,7154,7168,212,710,204,2406
94579,2016,SAN LEANDRO,73771,8117,7183,213,712,184,2633
94580,2011,SAN LORENZO,70208,6154,8596,293,528,154,1750
94580,2012,SAN LORENZO,69031,3707,8544,280,603,142,1817
94580,2013,SAN LORENZO,71098,4404,8644,277,624,149,1879
94580,2014,SAN LORENZO,71177,3868,8786,323,604,145,2059
94580,2015,SAN LORENZO,71120,3777,8643,329,583,137,2341
94580,2016,SAN LORENZO,80188,5624,8734,293,544,128,2571
94401,2011,SAN MATEO,72452,6030,12693,373,775,182,2311
94401,2012,SAN MATEO,73023,5247,12580,391,889,223,2429
94401,2013,SAN MATEO,69832,3869,12928,386,1163,231,2591
94401,2014,SAN MATEO,72279,5676,12843,363,1176,233,2925
94401,2015,SAN MATEO,72800,5344,12983,349,1256,251,3302
94401,2016,SAN MATEO,76361,4869,12692,317,1221,236,3468
94402,2011,SAN MATEO,109093,7654,9356,351,510,146,3357
94402,2012,SAN MATEO,108701,6812,9337,303,482,118,3468
94402,2013,SAN MATEO,107124,7849,9469,259,485,117,3764
94402,2014,SAN MATEO,115807,9329,9513,277,465,107,4192
94402,2015,SAN MATEO,122475,6944,9278,260,461,122,4788
94402,2016,SAN MATEO,128163,8170,9356,271,381,88,4845
94403,2011,SAN MATEO,89205,5779,15266,455,862,171,2796
94403,2012,SAN MATEO,92123,5829,15217,285,790,180,2910
94403,2013,SAN MATEO,90764,4061,15530,334,758,148,3114
94403,2014,SAN MATEO,95189,4290,15502,310,766,182,3354
94403,2015,SAN MATEO,98923,4327,15422,342,730,168,3909
94403,2016,SAN MATEO,103612,5004,15649,283,697,157,4036
94404,2011,SAN MATEO,112271,5980,13157,339,625,166,3025
94404,2012,SAN MATEO,114451,4652,13472,250,701,150,3122
94404,2013,SAN MATEO,114511,6280,13642,260,695,206,3291
94404,2014,SAN MATEO,114779,5569,13839,279,571,145,3572
94404,2015,SAN MATEO,121875,4952,14023,308,609,143,4134
94404,2016,SAN MATEO,126618,5073,14564,232,661,148,4268
94806,2011,SAN PABLO,52354,1967,19023,496,2710,342,1560
94806,2012,SAN PABLO,52783,1924,18934,443,2744,331,1606
94806,2013,SAN PABLO,52976,2267,18940,416,3117,405,1683
94806,2014,SAN PABLO,52173,2544,19069,468,3211,376,1757
94806,2015,SAN PABLO,52014,2196,19261,436,3202,345,2009
94806,2016,SAN PABLO,52698,2943,19455,404,3193,338,2266
94964,2011,SAN QUENTIN,79183,47902,158,83,0,95,
94964,2012,SAN QUENTIN,82325,67308,106,81,0,18,
94964,2013,SAN QUENTIN,,,100,77,0,12,
94964,2014,SAN QUENTIN,106333,52378,116,81,0,12,
94964,2015,SAN QUENTIN,84844,62634,90,80,0,12,
94964,2016,SAN QUENTIN,107167,66639,54,43,0,12,
94901,2011,SAN RAFAEL,70296,6603,16278,485,1534,312,2880
94901,2012,SAN RAFAEL,72087,5531,16024,466,1563,284,3052
94901,2013,SAN RAFAEL,72311,5143,15591,513,1700,299,3283
94901,2014,SAN RAFAEL,76909,5506,15500,399,1939,307,3604
94901,2015,SAN RAFAEL,78044,4964,15638,388,1877,269,3925
94901,2016,SAN RAFAEL,82231,3985,15587,418,1939,275,4080
94903,2011,SAN RAFAEL,82631,4831,12368,321,639,189,2621
94903,2012,SAN RAFAEL,86774,4641,12183,270,763,233,2778
94903,2013,SAN RAFAEL,88646,4894,12175,302,795,201,2887
94903,2014,SAN RAFAEL,86196,5518,12293,344,822,202,3223
94903,2015,SAN RAFAEL,90334,6326,12168,271,826,181,3446
94903,2016,SAN RAFAEL,92552,5071,12226,257,807,186,3731
94583,2011,SAN RAMON,115551,7439,12561,342,163,91,2559
94583,2012,SAN RAMON,117384,6624,12536,340,197,90,2718
94583,2013,SAN RAMON,119623,6182,12368,271,314,137,2771
94583,2014,SAN RAMON,121948,7481,12457,324,340,143,3039
94583,2015,SAN RAMON,124220,4358,12558,322,367,127,3353
94583,2016,SAN RAMON,129182,4796,12308,283,436,96,3463
94965,2011,SAUSALITO,92781,15348,5884,249,621,192,3152
94965,2012,SAUSALITO,102708,14489,5822,249,623,184,3359
94965,2013,SAUSALITO,91410,13371,5692,239,598,180,3680
94965,2014,SAUSALITO,89715,18298,5719,255,590,141,4292
94965,2015,SAUSALITO,103201,8050,5571,256,536,153,4626
94965,2016,SAUSALITO,102415,9056,5810,229,540,170,4757
95476,2011,SONOMA,58212,3422,14970,434,1625,339,1894
95476,2012,SONOMA,58012,2935,15189,471,1580,316,1826
95476,2013,SONOMA,58785,4815,15632,399,1636,277,2014
95476,2014,SONOMA,60100,4730,15491,427,1640,265,2225
95476,2015,SONOMA,60641,3510,15363,459,1555,296,2397
95476,2016,SONOMA,68894,5198,15376,483,1396,331,2566
94080,2011,SOUTH SAN FRANCISCO,75717,2560,21240,477,1269,262,2413
94080,2012,SOUTH SAN FRANCISCO,73927,3113,21653,494,1551,309,2478
94080,2013,SOUTH SAN FRANCISCO,77058,3044,21198,518,1567,298,2651
94080,2014,SOUTH SAN FRANCISCO,78378,3324,21631,586,1723,281,2767
94080,2015,SOUTH SAN FRANCISCO,81455,3273,21239,498,1652,303,3377
94080,2016,SOUTH SAN FRANCISCO,85204,4312,21131,441,1692,288,3529
94305,2011,STANFORD,60682,11957,3228,255,581,155,
94305,2012,STANFORD,55543,6622,3206,223,593,147,
94305,2013,STANFORD,64697,14843,2998,281,525,159,
94305,2014,STANFORD,51976,13396,2991,215,597,161,
94305,2015,STANFORD,5e4,9911,3162,235,696,161,
94305,2016,STANFORD,53173,15200,3240,241,670,168,
94970,2011,STINSON BEACH,79402,54146,277,79,0,95,5090
94970,2012,STINSON BEACH,80114,33612,278,92,0,13,5164
94970,2013,STINSON BEACH,81743,43439,317,100,0,12,5777
94970,2014,STINSON BEACH,107768,66898,273,87,0,12,6568
94970,2015,STINSON BEACH,93750,46491,278,87,0,12,8039
94970,2016,STINSON BEACH,109412,30659,324,102,17,26,8555
94585,2011,SUISUN CITY,71050,4057,8995,298,869,210,1544
94585,2012,SUISUN CITY,72500,3813,8744,297,899,212,1549
94585,2013,SUISUN CITY,70374,4909,8787,291,966,205,1577
94585,2014,SUISUN CITY,70721,4301,8818,309,1039,192,1613
94585,2015,SUISUN CITY,65563,4820,8872,300,1107,227,1723
94585,2016,SUISUN CITY,70491,5740,9059,313,1119,198,1841
94085,2011,SUNNYVALE,88324,5312,8058,307,781,217,2178
94085,2012,SUNNYVALE,94870,6403,8060,245,684,194,2311
94085,2013,SUNNYVALE,91808,7216,7973,266,790,195,2458
94085,2014,SUNNYVALE,92489,6776,8061,280,751,180,2762
94085,2015,SUNNYVALE,97643,6576,8241,271,722,180,3221
94085,2016,SUNNYVALE,101051,4885,8135,277,683,146,3383
94086,2011,SUNNYVALE,91233,4144,18215,425,1236,249,2521
94086,2012,SUNNYVALE,92931,3480,18588,432,1267,257,2726
94086,2013,SUNNYVALE,96919,5290,18600,471,1449,266,2816
94086,2014,SUNNYVALE,100215,5103,18662,526,1486,252,3184
94086,2015,SUNNYVALE,101777,4324,19086,366,1413,233,3666
94086,2016,SUNNYVALE,104449,4075,19608,450,1527,256,3779
94087,2011,SUNNYVALE,105848,4706,19830,353,1048,227,2973
94087,2012,SUNNYVALE,110348,7241,20150,382,1050,224,3132
94087,2013,SUNNYVALE,114771,7429,20247,448,1047,209,3262
94087,2014,SUNNYVALE,122354,4719,20191,423,989,205,3629
94087,2015,SUNNYVALE,125488,4323,20347,424,1015,194,4146
94087,2016,SUNNYVALE,129668,7284,20211,394,984,174,4190
94089,2011,SUNNYVALE,81631,8180,7325,172,402,144,2183
94089,2012,SUNNYVALE,80625,8760,7442,197,393,133,2354
94089,2013,SUNNYVALE,85769,7933,7384,191,499,178,2497
94089,2014,SUNNYVALE,88797,6354,7537,204,558,155,2806
94089,2015,SUNNYVALE,92762,7484,7680,201,564,186,3287
94089,2016,SUNNYVALE,94903,9587,7806,185,548,163,3427
94586,2011,SUNOL,74375,27047,324,61,17,15,
94586,2012,SUNOL,95250,17111,361,63,14,14,
94586,2013,SUNOL,93036,24638,340,59,9,10,
94586,2014,SUNOL,85e3,23228,382,70,15,15,
94586,2015,SUNOL,75481,22857,367,61,25,15,
94586,2016,SUNOL,91932,27692,371,62,19,18,
94535,2011,TRAVIS AFB,56667,12044,904,97,42,28,
94535,2012,TRAVIS AFB,52047,4965,929,98,96,50,
94535,2013,TRAVIS AFB,50970,2945,893,90,103,44,
94535,2014,TRAVIS AFB,53389,4010,961,94,81,43,
94535,2015,TRAVIS AFB,54397,4528,1054,101,86,35,
94535,2016,TRAVIS AFB,54692,4857,1089,77,101,43,
94587,2011,UNION CITY,82634,2727,20161,500,1530,278,2064
94587,2012,UNION CITY,83066,2791,20291,454,1557,266,2125
94587,2013,UNION CITY,82083,3478,20441,425,1739,255,2236
94587,2014,UNION CITY,82564,2866,20529,400,1674,260,2425
94587,2015,UNION CITY,85521,3341,20461,441,1601,213,2721
94587,2016,UNION CITY,91629,2939,20698,437,1544,215,2971
94589,2011,VALLEJO,59967,3085,9154,326,1318,239,1491
94589,2012,VALLEJO,58190,4045,9147,292,1462,238,1497
94589,2013,VALLEJO,56068,3492,9321,329,1443,264,1518
94589,2014,VALLEJO,56154,5033,9606,248,1536,257,1562
94589,2015,VALLEJO,55322,4896,9552,303,1500,245,1661
94589,2016,VALLEJO,57316,4622,9510,263,1447,237,1789
94590,2011,VALLEJO,43944,3850,13991,421,2874,413,1343
94590,2012,VALLEJO,43754,3125,13771,410,2963,320,1326
94590,2013,VALLEJO,41819,2640,13856,394,3049,320,1354
94590,2014,VALLEJO,40826,3161,13725,394,3122,354,1410
94590,2015,VALLEJO,39497,2584,14036,370,3393,362,1534
94590,2016,VALLEJO,41530,1983,14386,480,3332,354,1687
94591,2011,VALLEJO,76019,2400,18141,482,1647,278,1658
94591,2012,VALLEJO,75321,2559,18064,413,1888,314,1648
94591,2013,VALLEJO,73509,3685,18174,380,2052,320,1696
94591,2014,VALLEJO,73870,3650,18149,395,2132,303,1786
94591,2015,VALLEJO,71337,4516,18291,418,1998,271,1964
94591,2016,VALLEJO,73897,4991,18493,345,1729,291,2091
94592,2011,VALLEJO,72917,45602,183,57,4,6,
94592,2012,VALLEJO,72031,18964,208,57,11,13,
94592,2013,VALLEJO,105352,24441,215,56,10,13,
94592,2014,VALLEJO,107660,28051,241,58,18,14,
94592,2015,VALLEJO,108478,19010,256,60,30,19,
94592,2016,VALLEJO,110648,13645,294,56,25,18,
94595,2011,WALNUT CREEK,61209,3529,9139,379,231,107,1889
94595,2012,WALNUT CREEK,58477,4547,9040,298,326,128,2030
94595,2013,WALNUT CREEK,57744,3474,8978,390,404,159,2033
94595,2014,WALNUT CREEK,58659,5232,9103,328,467,164,2259
94595,2015,WALNUT CREEK,60743,4027,9060,369,466,198,2508
94595,2016,WALNUT CREEK,62374,3866,9489,300,477,158,2743
94596,2011,WALNUT CREEK,79181,6351,9059,316,508,174,2482
94596,2012,WALNUT CREEK,78402,5080,9254,339,565,179,2632
94596,2013,WALNUT CREEK,77173,5488,9281,382,600,179,2636
94596,2014,WALNUT CREEK,78856,5053,9574,299,756,177,2985
94596,2015,WALNUT CREEK,81863,6040,9507,294,758,193,3375
94596,2016,WALNUT CREEK,82869,5185,9705,267,816,206,3445
94598,2011,WALNUT CREEK,117229,7172,10321,290,424,133,2544
94598,2012,WALNUT CREEK,117500,5558,10044,333,394,113,2736
94598,2013,WALNUT CREEK,121067,8131,10052,311,465,131,2750
94598,2014,WALNUT CREEK,121337,7621,10206,284,355,105,3125
94598,2015,WALNUT CREEK,126936,12888,10179,310,391,123,3497
94598,2016,WALNUT CREEK,125089,11454,10137,232,383,102,3561
94973,2011,WOODACRE,87604,38875,566,100,0,95,2523
94973,2012,WOODACRE,67386,27199,583,114,28,34,2580
94973,2013,WOODACRE,72368,33440,672,101,32,33,2711
94973,2014,WOODACRE,88750,40485,731,116,34,31,3019
94973,2015,WOODACRE,79375,37942,748,111,37,42,3334
94973,2016,WOODACRE,90824,46055,745,113,41,38,3485
