county,start_year,year,enrollment,dtp,polio,mmr,hepb,vari
Alameda,2001,2001-02,19392,18332,18497,18376,18739,18391
Alameda,2002,2002-03,18304,17314,17434,17408,17632,17642
Alameda,2003,2003-04,18161,17149,17239,17223,17569,17621
Alameda,2004,2004-05,18127,17099,17170,17140,17501,17586
Alameda,2005,2005-06,17718,16848,16903,16891,17227,17303
Alameda,2006,2006-07,18096,17047,17084,17139,17462,17549
Alameda,2007,2007-08,18196,17040,17139,17211,17604,17720
Alameda,2008,2008-09,17475,16313,16408,16438,16850,16984
Alameda,2009,2009-10,17933,16747,16878,16901,17348,17407
Alameda,2010,2010-11,17721,16559,16479,16688,17038,17193
Alameda,2011,2011-12,19576,18235,18256,18335,18767,18938
Alameda,2012,2012-13,19286,17463,17432,17828,17948,18122
Alameda,2013,2013-14,19633,17948,18098,18107,18455,18678
Alameda,2014,2014-15,20718,18945,19076,18950,19381,19608
Alameda,2015,2015-16,21587,20901,20967,20964,21023,21124
ALAMEDA,2016,2016-17,21910,21527,21602,21611,21584,21787
ALAMEDA,2017,2017-18,22307,21866,21951,21946,21995,22157
Alpine,2001,2001-02,26,23,23,23,26,26
Alpine,2002,2002-03,12,11,11,10,12,11
Alpine,2003,2003-04,14,12,12,13,13,13
Alpine,2004,2004-05,13,10,10,10,12,12
Alpine,2005,2005-06,14,13,13,13,14,13
Alpine,2006,2006-07,16,15,16,16,16,16
Alpine,2007,2007-08,16,16,16,16,16,16
Alpine,2008,2008-09,12,11,11,11,11,11
Alpine,2009,2009-10,12,11,12,12,12,12
Alpine,2010,2010-11,13,13,13,13,13,13
Alpine,2011,2011-12,12,12,12,12,12,12
Alpine,2012,2012-13,19,16,16,16,16,16
Alpine,2013,2013-14,12,10,10,10,10,10
Alpine,2014,2014-15,0,0,0,0,0,0
ALPINE,2016,2016-17,6,,,,,
ALPINE,2017,2017-18,6,,,,,
Amador,2001,2001-02,345,336,336,333,337,334
Amador,2002,2002-03,336,329,330,329,329,331
Amador,2003,2003-04,289,277,278,275,276,279
Amador,2004,2004-05,323,310,313,312,315,319
Amador,2005,2005-06,314,301,301,303,301,303
Amador,2006,2006-07,277,264,268,267,267,269
Amador,2007,2007-08,320,303,307,306,305,309
Amador,2008,2008-09,334,315,316,314,315,316
Amador,2009,2009-10,324,305,308,308,311,312
Amador,2010,2010-11,311,298,298,298,295,299
Amador,2011,2011-12,315,285,287,287,295,295
Amador,2012,2012-13,282,256,256,255,260,260
Amador,2013,2013-14,291,245,246,240,253,258
Amador,2014,2014-15,266,252,254,251,252,258
Amador,2015,2015-16,302,270,271,268,281,282
AMADOR,2016,2016-17,290,283,285,285,282,287
AMADOR,2017,2017-18,376,351,357,358,359,364
Butte,2001,2001-02,2508,2358,2378,2356,2395,2366
Butte,2002,2002-03,2365,2212,2229,2227,2257,2247
Butte,2003,2003-04,2369,2236,2242,2229,2251,2252
Butte,2004,2004-05,2405,2261,2267,2258,2291,2289
Butte,2005,2005-06,2396,2236,2246,2249,2272,2280
Butte,2006,2006-07,2497,2324,2338,2337,2375,2381
Butte,2007,2007-08,2325,2167,2173,2164,2199,2200
Butte,2008,2008-09,2494,2316,2324,2321,2368,2370
Butte,2009,2009-10,2503,2272,2277,2288,2348,2349
Butte,2010,2010-11,2497,2252,2242,2233,2308,2314
Butte,2011,2011-12,2562,2305,2314,2315,2406,2406
Butte,2012,2012-13,2625,2374,2363,2358,2417,2430
Butte,2013,2013-14,2661,2352,2358,2336,2415,2422
Butte,2014,2014-15,2707,2411,2447,2415,2474,2480
Butte,2015,2015-16,2879,2633,2654,2630,2683,2686
BUTTE,2016,2016-17,2814,2709,2735,2721,2720,2762
BUTTE,2017,2017-18,2899,2792,2804,2789,2822,2849
Calaveras,2001,2001-02,399,373,373,370,375,373
Calaveras,2002,2002-03,424,390,393,393,395,393
Calaveras,2003,2003-04,441,409,410,416,418,417
Calaveras,2004,2004-05,473,431,427,427,437,442
Calaveras,2005,2005-06,454,409,407,412,417,417
Calaveras,2006,2006-07,460,411,409,419,422,425
Calaveras,2007,2007-08,467,401,403,399,423,423
Calaveras,2008,2008-09,365,305,309,318,332,333
Calaveras,2009,2009-10,385,312,314,314,342,350
Calaveras,2010,2010-11,394,311,307,325,346,354
Calaveras,2011,2011-12,392,318,320,329,353,353
Calaveras,2012,2012-13,395,315,317,318,343,344
Calaveras,2013,2013-14,443,349,357,345,375,384
Calaveras,2014,2014-15,401,340,340,332,349,355
Calaveras,2015,2015-16,417,370,371,371,372,372
CALAVERAS,2016,2016-17,462,422,436,428,440,441
CALAVERAS,2017,2017-18,464,416,423,421,425,434
Colusa,2001,2001-02,322,315,315,315,312,315
Colusa,2002,2002-03,311,294,294,294,307,302
Colusa,2003,2003-04,360,351,353,348,353,354
Colusa,2004,2004-05,356,345,345,344,352,351
Colusa,2005,2005-06,347,339,340,340,340,340
Colusa,2006,2006-07,375,369,371,371,371,371
Colusa,2007,2007-08,373,357,359,358,361,361
Colusa,2008,2008-09,360,352,353,354,357,354
Colusa,2009,2009-10,372,369,369,370,369,370
Colusa,2010,2010-11,369,360,362,362,363,363
Colusa,2011,2011-12,383,378,379,375,379,377
Colusa,2012,2012-13,399,390,391,391,394,394
Colusa,2013,2013-14,426,422,422,422,423,425
Colusa,2014,2014-15,396,393,393,392,394,394
Colusa,2015,2015-16,393,392,392,392,393,392
COLUSA,2016,2016-17,411,401,404,403,403,405
COLUSA,2017,2017-18,414,408,408,413,,
Contra Costa,2001,2001-02,13544,13055,13121,13037,13181,13161
Contra Costa,2002,2002-03,13572,13167,13204,13175,13264,13309
Contra Costa,2003,2003-04,13575,13073,13114,13098,13180,13230
Contra Costa,2004,2004-05,13550,13140,13128,13121,13230,13272
Contra Costa,2005,2005-06,14203,13729,13765,13762,13882,13919
Contra Costa,2006,2006-07,13655,13109,13141,13121,13323,13357
Contra Costa,2007,2007-08,13985,13324,13373,13386,13584,13648
Contra Costa,2008,2008-09,14066,13321,13369,13407,13600,13635
Contra Costa,2009,2009-10,13786,13007,13049,13055,13342,13388
Contra Costa,2010,2010-11,13868,13038,13001,13104,13384,13393
Contra Costa,2011,2011-12,14357,13680,13703,13725,13925,13961
Contra Costa,2012,2012-13,14583,13852,13857,13915,14106,14146
Contra Costa,2013,2013-14,14786,14067,14122,14105,14281,14348
Contra Costa,2014,2014-15,14603,13907,13991,13948,14139,14206
Contra Costa,2015,2015-16,15317,14706,14739,14756,14853,14905
CONTRA COSTA,2016,2016-17,15434,15131,15166,15174,15230,15294
CONTRA COSTA,2017,2017-18,15292,14946,14978,14995,15087,15147
Del Norte,2001,2001-02,298,292,294,292,296,294
Del Norte,2002,2002-03,327,317,318,317,317,320
Del Norte,2003,2003-04,349,330,331,328,335,337
Del Norte,2004,2004-05,325,308,306,306,311,313
Del Norte,2005,2005-06,344,326,327,328,329,329
Del Norte,2006,2006-07,330,301,308,307,306,311
Del Norte,2007,2007-08,324,313,319,320,322,322
Del Norte,2008,2008-09,315,297,297,296,296,297
Del Norte,2009,2009-10,299,272,272,270,275,274
Del Norte,2010,2010-11,309,284,283,282,284,283
Del Norte,2011,2011-12,361,316,320,318,320,319
Del Norte,2012,2012-13,286,252,249,251,253,253
Del Norte,2013,2013-14,316,278,277,281,283,281
Del Norte,2014,2014-15,320,288,291,291,293,295
Del Norte,2015,2015-16,330,295,294,295,296,298
DEL NORTE,2016,2016-17,401,377,382,388,394,399
DEL NORTE,2017,2017-18,368,360,361,364,362,366
El Dorado,2001,2001-02,2059,1942,1946,1928,1941,1911
El Dorado,2002,2002-03,1992,1844,1848,1862,1893,1882
El Dorado,2003,2003-04,2022,1892,1893,1887,1914,1916
El Dorado,2004,2004-05,2131,1914,1904,1905,1993,1986
El Dorado,2005,2005-06,2045,1813,1821,1821,1914,1915
El Dorado,2006,2006-07,2105,1866,1862,1854,1973,1963
El Dorado,2007,2007-08,2160,1955,1960,1965,2018,2024
El Dorado,2008,2008-09,2188,1957,1960,1971,2023,2021
El Dorado,2009,2009-10,2187,1966,1970,1975,2011,2016
El Dorado,2010,2010-11,2512,2189,2178,2185,2284,2281
El Dorado,2011,2011-12,2550,2274,2279,2287,2364,2363
El Dorado,2012,2012-13,2427,2145,2139,2150,2204,2200
El Dorado,2013,2013-14,2190,1847,1865,1832,1941,1949
El Dorado,2014,2014-15,2157,1963,1970,1963,1982,1985
El Dorado,2015,2015-16,2232,2029,2040,2041,2045,2058
EL DORADO,2016,2016-17,2205,2106,2112,2119,2120,2140
EL DORADO,2017,2017-18,2360,2147,2162,2165,2180,2209
Fresno,2001,2001-02,14320,13932,14015,14022,13978,13989
Fresno,2002,2002-03,14560,14208,14292,14289,14293,14392
Fresno,2003,2003-04,15013,14699,14736,14746,14775,14883
Fresno,2004,2004-05,14695,14356,14397,14472,14434,14561
Fresno,2005,2005-06,14975,14543,14619,14700,14737,14823
Fresno,2006,2006-07,14902,14401,14440,14526,14623,14657
Fresno,2007,2007-08,14577,14065,14099,14198,14304,14357
Fresno,2008,2008-09,15570,14799,14896,15055,15146,15196
Fresno,2009,2009-10,14810,14082,14170,14308,14474,14524
Fresno,2010,2010-11,15689,15147,15091,15235,15351,15372
Fresno,2011,2011-12,16460,15725,15751,15901,16054,16089
Fresno,2012,2012-13,17232,16465,16499,16639,16777,16829
Fresno,2013,2013-14,17749,16859,16923,16965,17146,17199
Fresno,2014,2014-15,17895,17192,17268,17263,17494,17555
Fresno,2015,2015-16,18691,18117,18201,18216,18362,18421
FRESNO,2016,2016-17,18779,18354,18463,18496,18581,18657
FRESNO,2017,2017-18,18573,17986,18088,18124,18309,18359
Glenn,2001,2001-02,418,411,413,409,410,402
Glenn,2002,2002-03,449,440,439,441,444,445
Glenn,2003,2003-04,439,433,434,432,436,438
Glenn,2004,2004-05,448,440,442,436,435,445
Glenn,2005,2005-06,431,424,425,425,427,427
Glenn,2006,2006-07,451,441,441,439,444,443
Glenn,2007,2007-08,432,428,429,429,430,430
Glenn,2008,2008-09,430,421,420,420,426,426
Glenn,2009,2009-10,390,379,381,380,381,384
Glenn,2010,2010-11,464,449,448,448,462,461
Glenn,2011,2011-12,475,461,462,462,464,465
Glenn,2012,2012-13,378,370,371,372,373,374
Glenn,2013,2013-14,488,474,479,479,481,482
Glenn,2014,2014-15,293,288,289,287,289,291
Glenn,2015,2015-16,478,456,459,457,462,463
GLENN,2016,2016-17,481,471,475,472,475,478
GLENN,2017,2017-18,510,503,504,508,505,508
Humboldt,2001,2001-02,1371,1230,1230,1236,1266,1228
Humboldt,2002,2002-03,1383,1287,1286,1282,1292,1288
Humboldt,2003,2003-04,1353,1204,1204,1203,1231,1236
Humboldt,2004,2004-05,1358,1200,1206,1209,1237,1230
Humboldt,2005,2005-06,1281,1104,1112,1109,1156,1126
Humboldt,2006,2006-07,1411,1224,1228,1228,1277,1277
Humboldt,2007,2007-08,1259,1076,1079,1071,1107,1101
Humboldt,2008,2008-09,1351,1071,1069,1078,1152,1123
Humboldt,2009,2009-10,1354,1087,1088,1106,1143,1146
Humboldt,2010,2010-11,1458,1160,1168,1186,1257,1240
Humboldt,2011,2011-12,1479,1179,1182,1205,1237,1241
Humboldt,2012,2012-13,1505,1215,1208,1195,1280,1281
Humboldt,2013,2013-14,1539,1206,1225,1187,1301,1298
Humboldt,2014,2014-15,1530,1250,1238,1232,1290,1287
Humboldt,2015,2015-16,1653,1402,1402,1408,1422,1446
HUMBOLDT,2016,2016-17,1799,1629,1631,1647,1631,1678
HUMBOLDT,2017,2017-18,1762,1633,1623,1622,1633,1654
Imperial,2001,2001-02,2457,2403,2408,2395,2410,2385
Imperial,2002,2002-03,2566,2511,2518,2497,2512,2529
Imperial,2003,2003-04,2619,2566,2567,2534,2575,2589
Imperial,2004,2004-05,2594,2509,2537,2514,2555,2565
Imperial,2005,2005-06,2592,2542,2555,2535,2570,2562
Imperial,2006,2006-07,2650,2567,2600,2590,2626,2628
Imperial,2007,2007-08,2636,2557,2561,2552,2611,2607
Imperial,2008,2008-09,2877,2798,2803,2792,2835,2836
Imperial,2009,2009-10,2656,2536,2542,2519,2605,2605
Imperial,2010,2010-11,2880,2767,2757,2731,2833,2826
Imperial,2011,2011-12,2740,2650,2659,2642,2715,2697
Imperial,2012,2012-13,2720,2618,2630,2603,2704,2670
Imperial,2013,2013-14,2939,2848,2859,2832,2903,2903
Imperial,2014,2014-15,3086,2950,2982,2940,3029,3027
Imperial,2015,2015-16,3200,3095,3112,3094,3147,3155
IMPERIAL,2016,2016-17,3254,3201,3205,3197,3235,3235
IMPERIAL,2017,2017-18,3362,3310,3321,3305,3342,3347
Inyo,2001,2001-02,220,210,212,211,212,212
Inyo,2002,2002-03,184,182,184,184,182,182
Inyo,2003,2003-04,179,175,175,174,176,174
Inyo,2004,2004-05,187,181,181,182,183,183
Inyo,2005,2005-06,173,167,167,165,167,167
Inyo,2006,2006-07,176,169,170,172,162,173
Inyo,2007,2007-08,153,148,151,151,151,151
Inyo,2008,2008-09,190,182,183,182,182,183
Inyo,2009,2009-10,209,206,204,205,206,206
Inyo,2010,2010-11,199,194,194,194,192,195
Inyo,2011,2011-12,226,222,222,222,222,222
Inyo,2012,2012-13,207,201,201,201,201,202
Inyo,2013,2013-14,188,182,183,182,181,181
Inyo,2014,2014-15,233,227,227,228,227,228
Inyo,2015,2015-16,204,203,203,202,203,202
INYO,2016,2016-17,212,205,205,206,206,208
INYO,2017,2017-18,221,218,219,218,218,219
Kern,2001,2001-02,11819,11415,11494,11450,11426,11449
Kern,2002,2002-03,11963,11400,11514,11520,11573,11674
Kern,2003,2003-04,12473,11957,12067,12085,12072,12217
Kern,2004,2004-05,12981,12440,12534,12494,12573,12703
Kern,2005,2005-06,13407,12813,12829,12810,13016,13053
Kern,2006,2006-07,13529,12841,12889,12882,13074,13150
Kern,2007,2007-08,13715,12944,13053,13086,13257,13272
Kern,2008,2008-09,13346,12399,12478,12439,12581,12639
Kern,2009,2009-10,13515,12644,12733,12593,12848,12894
Kern,2010,2010-11,14406,13204,13125,13222,13401,13487
Kern,2011,2011-12,15067,14234,14283,14265,14437,14532
Kern,2012,2012-13,15722,14993,15030,15015,15184,15254
Kern,2013,2013-14,16145,15187,15286,15079,15442,15473
Kern,2014,2014-15,16031,15223,15297,15198,15469,15526
Kern,2015,2015-16,16407,15790,15918,15858,15985,16066
KERN,2016,2016-17,16497,15870,16024,15994,16061,16185
KERN,2017,2017-18,17580,16517,16685,16673,16923,17014
Kings,2001,2001-02,2334,2280,2293,2302,2278,2292
Kings,2002,2002-03,2295,2255,2263,2262,2246,2264
Kings,2003,2003-04,2276,2235,2245,2250,2246,2264
Kings,2004,2004-05,2409,2355,2374,2368,2385,2390
Kings,2005,2005-06,2301,2248,2256,2252,2267,2283
Kings,2006,2006-07,2292,2233,2243,2245,2261,2276
Kings,2007,2007-08,2347,2298,2310,2305,2319,2321
Kings,2008,2008-09,2351,2289,2304,2301,2317,2323
Kings,2009,2009-10,2153,2080,2099,2098,2110,2118
Kings,2010,2010-11,2612,2547,2535,2551,2559,2570
Kings,2011,2011-12,2567,2465,2481,2489,2511,2515
Kings,2012,2012-13,2500,2443,2457,2461,2468,2480
Kings,2013,2013-14,2753,2694,2702,2704,2715,2720
Kings,2014,2014-15,2705,2630,2658,2655,2663,2678
Kings,2015,2015-16,2570,2500,2525,2530,2532,2540
KINGS,2016,2016-17,2731,2671,2709,2713,2714,2722
KINGS,2017,2017-18,2678,2625,2656,2658,2660,2673
Lake,2001,2001-02,738,669,681,682,686,642
Lake,2002,2002-03,734,672,684,679,700,669
Lake,2003,2003-04,705,658,658,649,661,661
Lake,2004,2004-05,716,653,659,653,681,676
Lake,2005,2005-06,728,653,663,655,679,675
Lake,2006,2006-07,698,622,630,644,643,650
Lake,2007,2007-08,693,614,621,623,652,639
Lake,2008,2008-09,541,486,486,489,513,514
Lake,2009,2009-10,753,662,661,671,701,707
Lake,2010,2010-11,751,689,687,705,712,723
Lake,2011,2011-12,716,638,640,659,660,660
Lake,2012,2012-13,720,641,639,640,660,665
Lake,2013,2013-14,813,720,727,719,753,754
Lake,2014,2014-15,835,770,778,771,782,786
Lake,2015,2015-16,785,740,740,738,753,761
LAKE,2016,2016-17,840,819,826,821,824,827
LAKE,2017,2017-18,850,808,825,825,829,838
Lassen,2001,2001-02,349,316,319,315,325,314
Lassen,2002,2002-03,381,333,336,333,355,331
Lassen,2003,2003-04,410,342,344,338,370,368
Lassen,2004,2004-05,369,324,322,320,343,338
Lassen,2005,2005-06,375,333,330,330,347,341
Lassen,2006,2006-07,313,268,270,277,299,296
Lassen,2007,2007-08,327,294,297,299,313,310
Lassen,2008,2008-09,321,284,287,286,303,302
Lassen,2009,2009-10,314,270,275,274,295,292
Lassen,2010,2010-11,292,266,263,259,285,282
Lassen,2011,2011-12,329,288,290,288,297,298
Lassen,2012,2012-13,345,295,294,293,314,316
Lassen,2013,2013-14,367,326,326,326,339,342
Lassen,2014,2014-15,350,300,300,301,311,312
Lassen,2015,2015-16,369,324,326,326,329,331
LASSEN,2016,2016-17,357,328,331,330,336,340
LASSEN,2017,2017-18,326,312,313,312,316,318
Los Angeles,2001,2001-02,149644,142070,143042,142162,144057,142705
Los Angeles,2002,2002-03,147061,139711,140796,140719,142345,142467
Los Angeles,2003,2003-04,142804,134754,135568,136118,137625,138435
Los Angeles,2004,2004-05,139141,131726,132514,132383,134809,135732
Los Angeles,2005,2005-06,136945,129396,130074,130270,132630,133426
Los Angeles,2006,2006-07,128196,120671,121343,120993,123958,124803
Los Angeles,2007,2007-08,128118,119739,120385,120930,123675,124397
Los Angeles,2008,2008-09,123892,115806,116636,116263,119473,120217
Los Angeles,2009,2009-10,118829,109951,110863,110652,114195,114958
Los Angeles,2010,2010-11,122736,113986,113430,113694,117744,118385
Los Angeles,2011,2011-12,129954,119957,120340,120077,124086,124847
Los Angeles,2012,2012-13,131102,119678,119748,119520,124528,125511
Los Angeles,2013,2013-14,130054,118833,119421,119166,123379,124258
Los Angeles,2014,2014-15,129494,115757,116885,116285,121347,122176
Los Angeles,2015,2015-16,133398,123620,124332,123865,127168,127911
LOS ANGELES,2016,2016-17,140269,135762,136262,136087,137675,138585
LOS ANGELES,2017,2017-18,140822,135808,136321,136409,137773,138528
Madera,2001,2001-02,2185,2069,2089,2077,2106,2103
Madera,2002,2002-03,2232,2129,2149,2144,2161,2173
Madera,2003,2003-04,2270,2179,2194,2198,2216,2227
Madera,2004,2004-05,2224,2123,2133,2132,2152,2165
Madera,2005,2005-06,2255,2117,2131,2138,2182,2187
Madera,2006,2006-07,2381,2215,2229,2270,2292,2303
Madera,2007,2007-08,2313,2202,2213,2212,2249,2255
Madera,2008,2008-09,2335,2245,2258,2270,2283,2285
Madera,2009,2009-10,2190,2106,2111,2102,2135,2139
Madera,2010,2010-11,2280,2204,2192,2202,2222,2242
Madera,2011,2011-12,2564,2429,2432,2455,2497,2501
Madera,2012,2012-13,2536,2405,2411,2415,2456,2470
Madera,2013,2013-14,2750,2622,2630,2624,2665,2670
Madera,2014,2014-15,2229,2098,2118,2111,2141,2160
Madera,2015,2015-16,2772,2671,2695,2700,2709,2715
MADERA,2016,2016-17,2835,2746,2762,2766,2783,2800
MADERA,2017,2017-18,2778,2668,2681,2695,2708,2731
Marin,2001,2001-02,2699,2516,2525,2496,2517,2518
Marin,2002,2002-03,2675,2506,2515,2498,2527,2520
Marin,2003,2003-04,2708,2465,2477,2456,2529,2533
Marin,2004,2004-05,2764,2523,2530,2514,2604,2617
Marin,2005,2005-06,2814,2532,2538,2531,2625,2638
Marin,2006,2006-07,2986,2701,2704,2668,2780,2804
Marin,2007,2007-08,3099,2742,2734,2722,2849,2859
Marin,2008,2008-09,3082,2721,2735,2679,2817,2842
Marin,2009,2009-10,3204,2778,2786,2743,2897,2926
Marin,2010,2010-11,3270,2832,2819,2816,2947,2965
Marin,2011,2011-12,3313,2738,2734,2745,2855,2895
Marin,2012,2012-13,3389,2910,2891,2943,3013,3039
Marin,2013,2013-14,3409,2895,2908,2899,3002,3060
Marin,2014,2014-15,3290,2886,2929,2902,2962,3022
Marin,2015,2015-16,3268,2960,2981,2973,3000,3033
MARIN,2016,2016-17,3245,3114,3107,3129,3085,3150
MARIN,2017,2017-18,3259,3145,3136,3156,3143,3184
Mariposa,2001,2001-02,176,164,164,153,163,158
Mariposa,2002,2002-03,157,148,147,149,150,150
Mariposa,2003,2003-04,136,129,125,127,130,130
Mariposa,2004,2004-05,137,128,128,128,130,129
Mariposa,2005,2005-06,122,107,107,111,114,115
Mariposa,2006,2006-07,157,144,146,136,149,147
Mariposa,2007,2007-08,165,139,135,142,142,146
Mariposa,2008,2008-09,129,109,109,106,116,117
Mariposa,2009,2009-10,132,124,117,114,123,123
Mariposa,2010,2010-11,293,242,232,227,257,258
Mariposa,2011,2011-12,149,131,134,134,139,138
Mariposa,2012,2012-13,115,96,99,95,102,100
Mariposa,2013,2013-14,111,90,84,91,93,92
Mariposa,2014,2014-15,157,128,130,128,132,132
Mariposa,2015,2015-16,147,120,124,122,125,126
MARIPOSA,2016,2016-17,19,,,,,
MARIPOSA,2017,2017-18,150,137,139,137,139,141
Mendocino,2001,2001-02,976,896,899,885,921,880
Mendocino,2002,2002-03,1002,894,903,902,942,935
Mendocino,2003,2003-04,981,872,874,885,907,897
Mendocino,2004,2004-05,959,864,865,857,897,893
Mendocino,2005,2005-06,966,853,858,852,891,896
Mendocino,2006,2006-07,945,821,828,821,871,870
Mendocino,2007,2007-08,957,848,849,851,894,896
Mendocino,2008,2008-09,1002,886,888,877,919,922
Mendocino,2009,2009-10,967,843,843,840,895,892
Mendocino,2010,2010-11,1087,936,944,936,994,993
Mendocino,2011,2011-12,1036,890,893,894,937,923
Mendocino,2012,2012-13,1079,921,901,924,962,957
Mendocino,2013,2013-14,1139,887,887,899,1012,1018
Mendocino,2014,2014-15,1157,971,984,971,997,1059
Mendocino,2015,2015-16,1134,1017,1022,1033,1030,1041
MENDOCINO,2016,2016-17,1195,1103,1101,1113,1142,1168
MENDOCINO,2017,2017-18,1305,1161,1162,1189,1192,1247
Merced,2001,2001-02,4074,3981,3995,3993,3996,3990
Merced,2002,2002-03,4093,3997,4021,4001,4026,4045
Merced,2003,2003-04,4151,4037,4064,4068,4080,4107
Merced,2004,2004-05,4315,4215,4224,4226,4259,4285
Merced,2005,2005-06,4470,4290,4318,4324,4405,4424
Merced,2006,2006-07,4441,4288,4309,4312,4387,4401
Merced,2007,2007-08,4380,4185,4207,4207,4319,4327
Merced,2008,2008-09,4307,4129,4154,4158,4236,4243
Merced,2009,2009-10,4009,3881,3905,3889,3951,3960
Merced,2010,2010-11,4478,4293,4245,4281,4403,4383
Merced,2011,2011-12,4762,4605,4623,4613,4685,4681
Merced,2012,2012-13,4743,4565,4593,4582,4648,4632
Merced,2013,2013-14,4855,4661,4691,4678,4766,4783
Merced,2014,2014-15,5178,5003,5041,5003,5070,5097
Merced,2015,2015-16,4994,4847,4862,4862,4890,4910
MERCED,2016,2016-17,5618,5518,5549,5554,5575,5578
MERCED,2017,2017-18,5421,5298,5316,5304,5377,5385
MISSING,2017,2017-18,,158,159,155,573,574
Modoc,2001,2001-02,146,127,129,128,129,122
Modoc,2002,2002-03,122,112,111,112,114,112
Modoc,2003,2003-04,126,115,116,106,119,118
Modoc,2004,2004-05,133,124,125,122,126,124
Modoc,2005,2005-06,97,92,93,92,93,94
Modoc,2006,2006-07,114,107,107,107,107,108
Modoc,2007,2007-08,115,105,105,104,107,107
Modoc,2008,2008-09,119,112,113,113,114,114
Modoc,2009,2009-10,118,109,112,111,114,114
Modoc,2010,2010-11,114,108,108,108,112,112
Modoc,2011,2011-12,122,99,105,99,113,111
Modoc,2012,2012-13,109,102,101,102,105,104
Modoc,2013,2013-14,137,124,124,125,126,125
Modoc,2014,2014-15,104,98,99,99,98,99
Modoc,2015,2015-16,126,111,114,112,118,118
MODOC,2016,2016-17,130,103,110,111,114,116
MODOC,2017,2017-18,115,,,,,
Mono,2001,2001-02,133,124,129,129,130,130
Mono,2002,2002-03,145,137,137,135,131,136
Mono,2003,2003-04,145,132,130,128,131,134
Mono,2004,2004-05,129,124,124,121,122,121
Mono,2005,2005-06,134,126,125,125,128,131
Mono,2006,2006-07,162,161,161,161,161,161
Mono,2007,2007-08,123,119,120,120,121,121
Mono,2008,2008-09,114,113,113,113,113,113
Mono,2009,2009-10,139,136,136,136,136,136
Mono,2010,2010-11,145,140,137,139,140,140
Mono,2011,2011-12,130,128,128,128,128,128
Mono,2012,2012-13,136,128,128,127,129,129
Mono,2013,2013-14,126,116,117,117,117,117
Mono,2014,2014-15,136,121,121,121,121,121
Mono,2015,2015-16,126,113,113,113,113,113
MONO,2016,2016-17,139,134,134,134,131,134
MONO,2017,2017-18,166,156,155,155,154,158
Monterey,2001,2001-02,6232,6073,6091,6069,6088,6105
Monterey,2002,2002-03,6258,6051,6065,6072,6088,6117
Monterey,2003,2003-04,6415,6235,6245,6240,6279,6312
Monterey,2004,2004-05,5718,5541,5561,5572,5605,5625
Monterey,2005,2005-06,5623,5402,5417,5438,5520,5544
Monterey,2006,2006-07,6158,5981,5988,5985,6060,6087
Monterey,2007,2007-08,6082,5883,5897,5898,5972,5991
Monterey,2008,2008-09,6287,5996,6012,6019,6164,6176
Monterey,2009,2009-10,6219,5894,5908,5922,6084,6057
Monterey,2010,2010-11,6585,6277,6259,6287,6448,6456
Monterey,2011,2011-12,6814,6480,6490,6528,6666,6686
Monterey,2012,2012-13,6620,6277,6273,6257,6423,6433
Monterey,2013,2013-14,6964,6444,6438,6414,6704,6727
Monterey,2014,2014-15,6938,6288,6305,6339,6620,6690
Monterey,2015,2015-16,6916,6619,6655,6663,6722,6748
MONTEREY,2016,2016-17,7221,7109,7121,7115,7128,7148
MONTEREY,2017,2017-18,7161,7034,7054,7044,7082,7108
Napa,2001,2001-02,1533,1453,1457,1451,1470,1454
Napa,2002,2002-03,1554,1497,1502,1491,1493,1507
Napa,2003,2003-04,1597,1553,1557,1548,1558,1569
Napa,2004,2004-05,1562,1521,1521,1513,1514,1527
Napa,2005,2005-06,1615,1569,1570,1561,1576,1586
Napa,2006,2006-07,1671,1589,1594,1595,1634,1637
Napa,2007,2007-08,1640,1589,1588,1594,1595,1603
Napa,2008,2008-09,1780,1692,1696,1704,1718,1730
Napa,2009,2009-10,1718,1655,1659,1659,1673,1672
Napa,2010,2010-11,1700,1610,1608,1609,1645,1652
Napa,2011,2011-12,1758,1659,1659,1662,1691,1695
Napa,2012,2012-13,1681,1592,1594,1590,1616,1612
Napa,2013,2013-14,1705,1596,1605,1602,1623,1634
Napa,2014,2014-15,1883,1785,1794,1785,1805,1807
Napa,2015,2015-16,1712,1621,1626,1618,1636,1652
NAPA,2016,2016-17,1702,1652,1653,1659,1655,1665
NAPA,2017,2017-18,1768,1702,1721,1716,1718,1734
Nevada,2001,2001-02,908,751,751,747,778,757
Nevada,2002,2002-03,1020,837,838,839,870,852
Nevada,2003,2003-04,1057,859,857,857,894,882
Nevada,2004,2004-05,1039,864,861,862,899,901
Nevada,2005,2005-06,991,809,806,810,832,826
Nevada,2006,2006-07,845,643,642,660,693,683
Nevada,2007,2007-08,760,607,609,606,654,645
Nevada,2008,2008-09,758,621,617,605,636,638
Nevada,2009,2009-10,718,558,560,554,583,586
Nevada,2010,2010-11,758,583,592,584,607,603
Nevada,2011,2011-12,738,540,542,552,573,563
Nevada,2012,2012-13,827,582,576,580,633,625
Nevada,2013,2013-14,837,628,623,623,656,644
Nevada,2014,2014-15,838,625,623,619,635,645
Nevada,2015,2015-16,875,690,691,690,700,698
NEVADA,2016,2016-17,944,811,810,815,804,829
NEVADA,2017,2017-18,913,769,785,776,789,795
Orange,2001,2001-02,44890,42971,43073,42767,43548,43051
Orange,2002,2002-03,43932,42150,42332,42072,42836,42898
Orange,2003,2003-04,43201,41303,41359,41176,42003,42178
Orange,2004,2004-05,42359,40254,40328,40199,41102,41296
Orange,2005,2005-06,42110,39995,39980,39914,40892,41062
Orange,2006,2006-07,40860,38500,38602,38550,39707,39791
Orange,2007,2007-08,39907,37140,37233,37112,38554,38713
Orange,2008,2008-09,41019,37983,38053,38048,39412,39541
Orange,2009,2009-10,40541,37236,37330,37292,38740,38921
Orange,2010,2010-11,41113,37784,37656,37698,39153,39312
Orange,2011,2011-12,41693,38352,38382,38425,39806,39970
Orange,2012,2012-13,42260,38929,38895,38871,40257,40471
Orange,2013,2013-14,42781,38951,39211,38986,40467,40705
Orange,2014,2014-15,41821,38544,38838,38554,39771,40078
Orange,2015,2015-16,41718,39127,39369,39320,39870,40076
ORANGE,2016,2016-17,42389,41118,41256,41204,41499,41768
ORANGE,2017,2017-18,42375,41120,41251,41227,41588,41814
Placer,2001,2001-02,4397,4069,4097,4112,4126,4076
Placer,2002,2002-03,4499,4168,4192,4202,4260,4267
Placer,2003,2003-04,4667,4323,4328,4328,4406,4415
Placer,2004,2004-05,4715,4386,4386,4370,4481,4495
Placer,2005,2005-06,4845,4495,4506,4507,4567,4568
Placer,2006,2006-07,4902,4500,4523,4505,4638,4632
Placer,2007,2007-08,4910,4463,4484,4488,4623,4642
Placer,2008,2008-09,4345,3928,4004,3984,4110,4112
Placer,2009,2009-10,5182,4704,4696,4671,4836,4858
Placer,2010,2010-11,5289,4838,4845,4843,4997,4999
Placer,2011,2011-12,5280,4663,4686,4652,4839,4858
Placer,2012,2012-13,5530,4821,4832,4807,4989,5002
Placer,2013,2013-14,5546,4883,4926,4877,5021,5051
Placer,2014,2014-15,5485,4832,4870,4832,4919,4974
Placer,2015,2015-16,5704,5162,5198,5161,5262,5323
PLACER,2016,2016-17,5847,5525,5539,5550,5577,5657
PLACER,2017,2017-18,6296,5946,5970,5965,6022,6071
Plumas,2001,2001-02,188,171,176,173,177,176
Plumas,2002,2002-03,198,187,187,189,189,187
Plumas,2003,2003-04,181,171,170,171,171,170
Plumas,2004,2004-05,174,146,147,149,155,154
Plumas,2005,2005-06,195,186,186,187,186,186
Plumas,2006,2006-07,193,160,160,162,175,170
Plumas,2007,2007-08,232,221,222,220,223,222
Plumas,2008,2008-09,247,221,223,225,227,227
Plumas,2009,2009-10,172,143,144,146,147,147
Plumas,2010,2010-11,162,145,145,145,151,148
Plumas,2011,2011-12,182,167,166,167,170,170
Plumas,2012,2012-13,194,174,174,172,173,171
Plumas,2013,2013-14,157,132,134,133,138,139
Plumas,2014,2014-15,140,119,121,121,127,127
Plumas,2015,2015-16,182,159,159,159,163,162
PLUMAS,2016,2016-17,166,154,154,152,157,159
PLUMAS,2017,2017-18,193,186,187,186,189,191
Riverside,2001,2001-02,26733,25854,26014,25862,25918,25952
Riverside,2002,2002-03,27353,26557,26728,26610,26723,26940
Riverside,2003,2003-04,28302,27554,27703,27603,27697,27937
Riverside,2004,2004-05,29251,28511,28623,28578,28602,28873
Riverside,2005,2005-06,30485,29675,29761,29704,29873,30089
Riverside,2006,2006-07,31549,30607,30652,30681,30936,31111
Riverside,2007,2007-08,31242,30317,30402,30380,30675,30856
Riverside,2008,2008-09,31390,30143,30259,30189,30733,30878
Riverside,2009,2009-10,31624,30205,30326,30330,30871,31028
Riverside,2010,2010-11,31953,30538,30436,30494,30989,31142
Riverside,2011,2011-12,33079,31470,31578,31573,32156,32295
Riverside,2012,2012-13,33961,32292,32365,32402,32851,32973
Riverside,2013,2013-14,33735,31974,32098,32018,32429,32562
Riverside,2014,2014-15,34256,32687,32816,32745,33076,33233
Riverside,2015,2015-16,34329,32915,33127,33100,33277,33428
RIVERSIDE,2016,2016-17,36132,35207,35410,35417,35545,35782
RIVERSIDE,2017,2017-18,35453,34554,34755,34750,34916,35118
Sacramento,2001,2001-02,18460,17141,17294,17258,17772,17169
Sacramento,2002,2002-03,18429,17074,17248,17181,17744,17715
Sacramento,2003,2003-04,18564,17103,17194,17078,17906,17984
Sacramento,2004,2004-05,18643,17225,17326,17371,17903,17982
Sacramento,2005,2005-06,18466,16902,17037,17029,17665,17724
Sacramento,2006,2006-07,18912,17451,17539,17498,18165,18240
Sacramento,2007,2007-08,16068,14564,14649,14696,15314,15408
Sacramento,2008,2008-09,18570,16695,16832,16823,17619,17714
Sacramento,2009,2009-10,19292,16989,17132,17249,18233,18326
Sacramento,2010,2010-11,19216,16915,16790,16955,18059,18146
Sacramento,2011,2011-12,20108,17471,17584,17566,18927,19074
Sacramento,2012,2012-13,19520,17015,17134,17037,18247,18322
Sacramento,2013,2013-14,19181,16751,16980,16753,17740,17865
Sacramento,2014,2014-15,19462,17321,17617,17373,18173,18270
Sacramento,2015,2015-16,20579,18474,18753,18590,19290,19441
SACRAMENTO,2016,2016-17,21993,20968,21153,21165,21340,21563
SACRAMENTO,2017,2017-18,21508,20380,20614,20642,20811,21006
San Benito,2001,2001-02,960,931,943,940,941,939
San Benito,2002,2002-03,974,942,953,951,951,954
San Benito,2003,2003-04,968,935,946,942,942,950
San Benito,2004,2004-05,951,919,923,923,934,935
San Benito,2005,2005-06,928,898,904,901,911,911
San Benito,2006,2006-07,911,880,886,884,894,899
San Benito,2007,2007-08,796,772,777,768,785,788
San Benito,2008,2008-09,862,817,823,831,848,849
San Benito,2009,2009-10,827,803,807,802,815,818
San Benito,2010,2010-11,855,825,819,821,838,841
San Benito,2011,2011-12,906,880,881,880,891,889
San Benito,2012,2012-13,890,865,866,869,870,879
San Benito,2013,2013-14,896,871,874,871,883,884
San Benito,2014,2014-15,880,856,859,858,863,867
San Benito,2015,2015-16,878,852,852,849,858,861
SAN BENITO,2016,2016-17,967,957,960,953,959,960
SAN BENITO,2017,2017-18,1019,1008,1010,1008,1007,1011
San Bernardino,2001,2001-02,30307,29372,29554,29530,29563,29525
San Bernardino,2002,2002-03,30290,29261,29431,29537,29568,29676
San Bernardino,2003,2003-04,30065,29199,29274,29253,29427,29555
San Bernardino,2004,2004-05,31465,30588,30731,30712,30817,31000
San Bernardino,2005,2005-06,31552,30463,30562,30548,30839,30969
San Bernardino,2006,2006-07,31291,30241,30382,30372,30646,30754
San Bernardino,2007,2007-08,31122,29989,30107,30131,30521,30654
San Bernardino,2008,2008-09,30763,29393,29524,29561,29986,30126
San Bernardino,2009,2009-10,30854,29540,29707,29722,30081,30253
San Bernardino,2010,2010-11,31718,30287,30144,30336,30783,30899
San Bernardino,2011,2011-12,32677,31192,31304,31312,31618,31792
San Bernardino,2012,2012-13,31972,30483,30584,30595,30777,30968
San Bernardino,2013,2013-14,32472,30680,30837,30740,31101,31264
San Bernardino,2014,2014-15,33643,31981,32147,32009,32397,32599
San Bernardino,2015,2015-16,33939,32445,32654,32610,32809,32960
SAN BERNARDINO,2016,2016-17,34471,33519,33739,33724,33898,34123
SAN BERNARDINO,2017,2017-18,33825,32903,33094,33139,33271,33484
San Diego,2001,2001-02,41257,39391,39597,39546,39801,39737
San Diego,2002,2002-03,40554,38888,39071,38994,39397,39556
San Diego,2003,2003-04,40041,38274,38418,38412,38868,39088
San Diego,2004,2004-05,39678,37957,38054,38061,38481,38763
San Diego,2005,2005-06,39708,37825,37922,37953,38592,38718
San Diego,2006,2006-07,39067,37220,37250,37247,37918,38014
San Diego,2007,2007-08,39159,37004,37099,37085,37803,37914
San Diego,2008,2008-09,40384,38216,38274,38298,39023,39142
San Diego,2009,2009-10,40454,37858,38016,38031,38811,38981
San Diego,2010,2010-11,41492,38763,38671,38761,39614,39801
San Diego,2011,2011-12,42967,40043,40088,40151,40938,41018
San Diego,2012,2012-13,42433,39247,39249,39232,40159,40321
San Diego,2013,2013-14,43026,39542,39622,39481,40361,40580
San Diego,2014,2014-15,43607,40837,40974,40834,41457,41707
San Diego,2015,2015-16,45386,42850,42986,42953,43130,43364
SAN DIEGO,2016,2016-17,46044,44180,44341,44418,44418,44801
SAN DIEGO,2017,2017-18,47174,44643,44848,44832,45256,45595
San Francisco,2001,2001-02,6570,6171,6210,6248,6306,6154
San Francisco,2002,2002-03,6551,6178,6169,6239,6281,6233
San Francisco,2003,2003-04,5926,5568,5574,5643,5693,5689
San Francisco,2004,2004-05,5859,5390,5414,5564,5513,5536
San Francisco,2005,2005-06,6153,5771,5777,5851,5860,5890
San Francisco,2006,2006-07,6212,5768,5780,5806,5915,5943
San Francisco,2007,2007-08,6050,5669,5656,5671,5780,5807
San Francisco,2008,2008-09,6208,5782,5778,5830,5865,5898
San Francisco,2009,2009-10,6598,6163,6165,6193,6284,6319
San Francisco,2010,2010-11,6516,5937,5951,6100,6124,6154
San Francisco,2011,2011-12,6698,6087,6064,6203,6308,6276
San Francisco,2012,2012-13,6641,6068,6037,6177,6214,6200
San Francisco,2013,2013-14,6535,5926,5914,6033,6048,6070
San Francisco,2014,2014-15,6515,5768,5780,5839,5955,5921
San Francisco,2015,2015-16,6429,6029,6061,6072,6148,6177
SAN FRANCISCO,2016,2016-17,6742,6542,6552,6543,6566,6630
SAN FRANCISCO,2017,2017-18,6701,6434,6434,6466,6484,6538
San Joaquin,2001,2001-02,9959,9641,9679,9663,9678,9601
San Joaquin,2002,2002-03,10174,9792,9896,9883,9924,9990
San Joaquin,2003,2003-04,10449,10179,10214,10186,10261,10322
San Joaquin,2004,2004-05,10560,10279,10299,10262,10360,10437
San Joaquin,2005,2005-06,10939,10602,10650,10638,10722,10758
San Joaquin,2006,2006-07,10762,10347,10389,10403,10541,10572
San Joaquin,2007,2007-08,10639,10296,10332,10325,10453,10511
San Joaquin,2008,2008-09,10610,10217,10232,10236,10381,10420
San Joaquin,2009,2009-10,11041,10583,10605,10634,10840,10861
San Joaquin,2010,2010-11,10997,10635,10593,10620,10800,10827
San Joaquin,2011,2011-12,11246,10960,10977,10973,11055,11081
San Joaquin,2012,2012-13,11139,10846,10864,10923,10980,10993
San Joaquin,2013,2013-14,10977,10598,10615,10610,10742,10782
San Joaquin,2014,2014-15,11697,11277,11323,11295,11456,11470
San Joaquin,2015,2015-16,12176,11790,11825,11807,11878,11913
SAN JOAQUIN,2016,2016-17,12572,12299,12357,12362,12422,12455
SAN JOAQUIN,2017,2017-18,12582,12210,12311,12299,12363,12441
San Luis Obispo,2001,2001-02,2641,2467,2478,2457,2476,2460
San Luis Obispo,2002,2002-03,2623,2477,2485,2475,2500,2489
San Luis Obispo,2003,2003-04,2525,2388,2392,2388,2418,2421
San Luis Obispo,2004,2004-05,2435,2322,2333,2308,2334,2349
San Luis Obispo,2005,2005-06,2412,2247,2248,2261,2286,2289
San Luis Obispo,2006,2006-07,2553,2370,2380,2372,2439,2444
San Luis Obispo,2007,2007-08,2526,2303,2316,2311,2385,2399
San Luis Obispo,2008,2008-09,2693,2445,2468,2463,2561,2564
San Luis Obispo,2009,2009-10,2747,2494,2520,2526,2610,2620
San Luis Obispo,2010,2010-11,2659,2387,2369,2379,2481,2491
San Luis Obispo,2011,2011-12,2776,2482,2462,2455,2621,2628
San Luis Obispo,2012,2012-13,3000,2689,2695,2687,2804,2786
San Luis Obispo,2013,2013-14,2864,2502,2491,2506,2598,2608
San Luis Obispo,2014,2014-15,2928,2620,2626,2619,2704,2725
San Luis Obispo,2015,2015-16,3072,2799,2803,2830,2876,2888
SAN LUIS OBISPO,2016,2016-17,3154,3059,3054,3074,3070,3096
SAN LUIS OBISPO,2017,2017-18,3074,2952,2950,2973,2990,3011
San Mateo,2001,2001-02,8286,7776,7808,7794,7947,7825
San Mateo,2002,2002-03,8215,7777,7806,7753,7982,7979
San Mateo,2003,2003-04,8221,7828,7838,7800,8000,8044
San Mateo,2004,2004-05,8306,7906,7932,7882,8089,8132
San Mateo,2005,2005-06,8589,8207,8212,8186,8401,8434
San Mateo,2006,2006-07,8390,7993,7995,7972,8202,8216
San Mateo,2007,2007-08,8647,8055,8067,8054,8389,8426
San Mateo,2008,2008-09,8996,8269,8303,8348,8682,8722
San Mateo,2009,2009-10,9160,8379,8431,8479,8861,8875
San Mateo,2010,2010-11,9110,8337,8308,8334,8825,8833
San Mateo,2011,2011-12,9345,8708,8724,8702,9038,9069
San Mateo,2012,2012-13,9489,8929,8909,8899,9176,9225
San Mateo,2013,2013-14,9299,8640,8734,8677,8942,8983
San Mateo,2014,2014-15,9284,8807,8874,8804,8950,9008
San Mateo,2015,2015-16,9702,9346,9401,9369,9425,9474
SAN MATEO,2016,2016-17,9608,9396,9445,9423,9469,9550
SAN MATEO,2017,2017-18,9361,9155,9181,9173,9253,9281
Santa Barbara,2001,2001-02,5716,5356,5380,5341,5381,5364
Santa Barbara,2002,2002-03,5578,5291,5324,5289,5346,5392
Santa Barbara,2003,2003-04,5640,5334,5359,5351,5416,5438
Santa Barbara,2004,2004-05,5441,5142,5153,5149,5219,5252
Santa Barbara,2005,2005-06,5554,5256,5269,5266,5338,5364
Santa Barbara,2006,2006-07,5445,5166,5172,5164,5229,5245
Santa Barbara,2007,2007-08,5273,4952,4987,4966,5068,5080
Santa Barbara,2008,2008-09,5406,5101,5150,5123,5196,5201
Santa Barbara,2009,2009-10,5721,5382,5406,5391,5493,5502
Santa Barbara,2010,2010-11,5901,5589,5565,5557,5652,5661
Santa Barbara,2011,2011-12,5734,5444,5442,5444,5499,5517
Santa Barbara,2012,2012-13,5958,5550,5555,5606,5615,5625
Santa Barbara,2013,2013-14,6304,5863,5885,5861,5917,5945
Santa Barbara,2014,2014-15,6594,6300,6337,6292,6331,6358
Santa Barbara,2015,2015-16,6679,6399,6404,6391,6400,6431
SANTA BARBARA,2016,2016-17,6674,6523,6538,6537,6520,6587
SANTA BARBARA,2017,2017-18,6632,6475,6496,6486,6512,6548
Santa Clara,2001,2001-02,24514,23455,23598,23449,23725,23469
Santa Clara,2002,2002-03,24470,23485,23642,23431,23842,23891
Santa Clara,2003,2003-04,22575,21599,21661,21615,22018,22151
Santa Clara,2004,2004-05,22861,21950,22005,22031,22227,22333
Santa Clara,2005,2005-06,24089,23240,23309,23316,23556,23660
Santa Clara,2006,2006-07,23656,22824,22853,22854,23180,23222
Santa Clara,2007,2007-08,24357,23386,23406,23432,23796,23886
Santa Clara,2008,2008-09,25078,24106,24168,24114,24487,24541
Santa Clara,2009,2009-10,24794,23709,23774,23768,24205,24280
Santa Clara,2010,2010-11,25329,24195,24154,24186,24559,24615
Santa Clara,2011,2011-12,26044,24948,24993,24981,25285,25356
Santa Clara,2012,2012-13,24734,23531,23579,23557,23957,24028
Santa Clara,2013,2013-14,26021,24568,24672,24647,25012,25104
Santa Clara,2014,2014-15,24460,23285,23400,23326,23668,23791
Santa Clara,2015,2015-16,26175,25099,25228,25204,25436,25533
SANTA CLARA,2016,2016-17,26070,25596,25692,25637,25730,25848
SANTA CLARA,2017,2017-18,26410,25816,25902,25857,26099,26142
Santa Cruz,2001,2001-02,3418,3161,3162,3135,3162,3149
Santa Cruz,2002,2002-03,3331,3035,3060,3045,3075,3064
Santa Cruz,2003,2003-04,3090,2812,2821,2818,2873,2886
Santa Cruz,2004,2004-05,3022,2762,2761,2730,2805,2829
Santa Cruz,2005,2005-06,3270,2901,2892,2895,2981,2999
Santa Cruz,2006,2006-07,3251,2905,2901,2893,2956,2968
Santa Cruz,2007,2007-08,3220,2818,2805,2829,2939,2949
Santa Cruz,2008,2008-09,2887,2522,2533,2525,2635,2650
Santa Cruz,2009,2009-10,3342,2882,2883,2861,3039,3056
Santa Cruz,2010,2010-11,3416,2911,2914,2874,3036,3042
Santa Cruz,2011,2011-12,3579,3104,3110,3098,3198,3216
Santa Cruz,2012,2012-13,3527,3020,3010,3008,3112,3127
Santa Cruz,2013,2013-14,3602,3134,3127,3121,3196,3208
Santa Cruz,2014,2014-15,3640,3145,3164,3146,3204,3235
Santa Cruz,2015,2015-16,3518,3144,3145,3149,3131,3180
SANTA CRUZ,2016,2016-17,3681,3446,3431,3441,3425,3514
SANTA CRUZ,2017,2017-18,3565,3310,3313,3294,3313,3368
Shasta,2001,2001-02,2117,1959,1970,1961,2014,1944
Shasta,2002,2002-03,2077,1901,1914,1906,1953,1928
Shasta,2003,2003-04,2149,2013,2023,2010,2046,2043
Shasta,2004,2004-05,2086,1894,1906,1903,1953,1943
Shasta,2005,2005-06,2039,1877,1879,1902,1940,1935
Shasta,2006,2006-07,2143,1934,1936,1947,2012,2007
Shasta,2007,2007-08,2142,1860,1870,1882,1965,1964
Shasta,2008,2008-09,2118,1850,1859,1862,1964,1966
Shasta,2009,2009-10,2114,1832,1840,1844,1948,1940
Shasta,2010,2010-11,2078,1764,1753,1769,1875,1886
Shasta,2011,2011-12,2197,1849,1855,1850,1975,1964
Shasta,2012,2012-13,2103,1763,1760,1760,1878,1883
Shasta,2013,2013-14,2301,1856,1865,1855,2019,2011
Shasta,2014,2014-15,2186,1887,1902,1897,1973,1986
Shasta,2015,2015-16,2158,1836,1850,1851,1929,1944
SHASTA,2016,2016-17,2386,2244,2262,2263,2282,2295
SHASTA,2017,2017-18,2526,2325,2341,2348,2376,2407
Sierra,2001,2001-02,31,27,27,27,28,29
Sierra,2002,2002-03,23,21,21,22,21,21
Sierra,2003,2003-04,26,24,24,24,24,24
Sierra,2004,2004-05,22,22,22,22,21,22
Sierra,2005,2005-06,35,34,34,34,35,34
Sierra,2006,2006-07,22,21,21,21,22,22
Sierra,2007,2007-08,35,34,34,34,35,35
Sierra,2008,2008-09,30,28,28,28,30,30
Sierra,2009,2009-10,22,17,17,17,22,22
Sierra,2010,2010-11,28,26,25,26,26,26
Sierra,2011,2011-12,25,24,24,24,25,25
Sierra,2012,2012-13,18,18,18,18,18,18
Sierra,2013,2013-14,23,23,23,23,23,23
Sierra,2014,2014-15,25,25,25,25,25,25
Sierra,2015,2015-16,24,24,24,24,24,24
SIERRA,2016,2016-17,23,23,22,22,23,22
SIERRA,2017,2017-18,39,,,,,
Siskiyou,2001,2001-02,439,392,392,382,398,386
Siskiyou,2002,2002-03,397,353,356,359,357,362
Siskiyou,2003,2003-04,397,357,355,354,363,364
Siskiyou,2004,2004-05,397,333,336,335,348,344
Siskiyou,2005,2005-06,405,346,350,348,355,354
Siskiyou,2006,2006-07,376,289,289,287,307,302
Siskiyou,2007,2007-08,366,305,310,312,324,323
Siskiyou,2008,2008-09,425,338,340,340,366,366
Siskiyou,2009,2009-10,400,342,341,342,347,343
Siskiyou,2010,2010-11,452,377,375,374,384,385
Siskiyou,2011,2011-12,435,370,370,374,395,380
Siskiyou,2012,2012-13,457,386,387,386,400,398
Siskiyou,2013,2013-14,427,354,359,351,362,361
Siskiyou,2014,2014-15,440,380,382,381,401,403
Siskiyou,2015,2015-16,427,371,373,371,379,379
SISKIYOU,2016,2016-17,520,482,487,486,506,488
SISKIYOU,2017,2017-18,564,523,525,525,527,533
Solano,2001,2001-02,5870,5653,5681,5660,5687,5688
Solano,2002,2002-03,5631,5441,5474,5439,5493,5520
Solano,2003,2003-04,5748,5582,5604,5578,5640,5655
Solano,2004,2004-05,5358,5177,5210,5196,5242,5261
Solano,2005,2005-06,5360,5114,5107,5106,5249,5262
Solano,2006,2006-07,5233,5002,5027,5022,5123,5141
Solano,2007,2007-08,5374,5171,5189,5198,5241,5285
Solano,2008,2008-09,5203,5033,5069,5068,5105,5126
Solano,2009,2009-10,5208,4990,5025,5020,5095,5121
Solano,2010,2010-11,5183,4994,4965,4988,5038,5067
Solano,2011,2011-12,5267,5055,5074,5075,5148,5174
Solano,2012,2012-13,5373,5130,5156,5137,5234,5262
Solano,2013,2013-14,5360,5128,5163,5134,5230,5240
Solano,2014,2014-15,5255,5023,5043,5015,5100,5118
Solano,2015,2015-16,5586,5341,5382,5362,5423,5465
SOLANO,2016,2016-17,5919,5764,5807,5806,5830,5871
SOLANO,2017,2017-18,5534,5430,5454,5462,5483,5510
Sonoma,2001,2001-02,5823,5461,5481,5453,5459,5432
Sonoma,2002,2002-03,5616,5293,5308,5286,5318,5323
Sonoma,2003,2003-04,5752,5372,5388,5378,5440,5471
Sonoma,2004,2004-05,5773,5331,5352,5323,5435,5440
Sonoma,2005,2005-06,5745,5271,5259,5231,5396,5385
Sonoma,2006,2006-07,5829,5292,5315,5329,5456,5465
Sonoma,2007,2007-08,5790,5276,5296,5314,5433,5472
Sonoma,2008,2008-09,5917,5277,5297,5304,5469,5463
Sonoma,2009,2009-10,5713,5120,5174,5168,5302,5310
Sonoma,2010,2010-11,5915,5362,5343,5369,5458,5481
Sonoma,2011,2011-12,6023,5513,5514,5536,5637,5640
Sonoma,2012,2012-13,6523,5936,5938,5938,6026,6047
Sonoma,2013,2013-14,6478,5898,5901,5884,5982,5997
Sonoma,2014,2014-15,6466,5944,5956,5928,6017,6053
Sonoma,2015,2015-16,6698,6258,6261,6276,6268,6316
SONOMA,2016,2016-17,6669,6378,6360,6382,6358,6462
SONOMA,2017,2017-18,6645,6238,6248,6251,6290,6330
Stanislaus,2001,2001-02,8103,7839,7868,7844,7866,7811
Stanislaus,2002,2002-03,8092,7805,7826,7804,7850,7887
Stanislaus,2003,2003-04,8111,7841,7884,7865,7911,7956
Stanislaus,2004,2004-05,8162,7869,7908,7904,7954,7994
Stanislaus,2005,2005-06,8274,7934,7961,7960,8054,8074
Stanislaus,2006,2006-07,8397,8122,8132,8126,8197,8229
Stanislaus,2007,2007-08,8256,7899,7901,7907,8028,8045
Stanislaus,2008,2008-09,8051,7684,7703,7694,7789,7804
Stanislaus,2009,2009-10,8093,7704,7747,7741,7880,7901
Stanislaus,2010,2010-11,8457,8066,8030,8041,8126,8149
Stanislaus,2011,2011-12,8570,8113,8145,8145,8258,8271
Stanislaus,2012,2012-13,8489,8012,8040,8024,8128,8136
Stanislaus,2013,2013-14,9109,8574,8592,8577,8684,8702
Stanislaus,2014,2014-15,8852,8351,8389,8356,8491,8516
Stanislaus,2015,2015-16,9367,8956,8983,8971,9062,9100
STANISLAUS,2016,2016-17,9166,8965,9004,9009,9046,9099
STANISLAUS,2017,2017-18,8858,8588,8623,8616,8691,8675
Sutter,2001,2001-02,1231,1207,1212,1200,1211,1201
Sutter,2002,2002-03,1345,1302,1302,1298,1321,1313
Sutter,2003,2003-04,1387,1340,1338,1343,1368,1367
Sutter,2004,2004-05,1338,1310,1313,1319,1326,1324
Sutter,2005,2005-06,1364,1317,1322,1305,1334,1338
Sutter,2006,2006-07,1502,1447,1454,1447,1457,1468
Sutter,2007,2007-08,1463,1387,1388,1380,1417,1426
Sutter,2008,2008-09,1632,1511,1506,1501,1559,1562
Sutter,2009,2009-10,1475,1409,1419,1420,1431,1434
Sutter,2010,2010-11,1729,1574,1571,1573,1588,1591
Sutter,2011,2011-12,1683,1535,1540,1536,1561,1565
Sutter,2012,2012-13,1651,1468,1471,1465,1494,1497
Sutter,2013,2013-14,1717,1566,1573,1559,1584,1583
Sutter,2014,2014-15,1840,1682,1697,1685,1709,1719
Sutter,2015,2015-16,1897,1716,1723,1722,1730,1738
SUTTER,2016,2016-17,1995,1738,1757,1741,1763,1783
SUTTER,2017,2017-18,2152,1783,1789,1771,1866,1881
Tehama,2001,2001-02,797,741,750,752,749,752
Tehama,2002,2002-03,777,731,742,735,745,735
Tehama,2003,2003-04,769,724,728,731,726,725
Tehama,2004,2004-05,806,767,768,767,768,773
Tehama,2005,2005-06,867,819,823,807,818,830
Tehama,2006,2006-07,802,750,758,755,765,776
Tehama,2007,2007-08,822,780,784,775,798,799
Tehama,2008,2008-09,906,851,857,852,861,864
Tehama,2009,2009-10,864,827,829,834,838,839
Tehama,2010,2010-11,988,928,920,920,937,943
Tehama,2011,2011-12,910,869,871,858,872,875
Tehama,2012,2012-13,892,838,837,841,844,847
Tehama,2013,2013-14,996,948,948,943,946,952
Tehama,2014,2014-15,946,906,908,907,904,912
Tehama,2015,2015-16,981,930,941,936,941,942
TEHAMA,2016,2016-17,1024,992,973,991,1000,978
TEHAMA,2017,2017-18,1033,998,1002,1014,1013,1018
Trinity,2001,2001-02,113,105,105,105,105,105
Trinity,2002,2002-03,85,84,84,84,83,84
Trinity,2003,2003-04,112,98,99,99,100,97
Trinity,2004,2004-05,95,79,79,80,83,83
Trinity,2005,2005-06,108,90,92,91,94,92
Trinity,2006,2006-07,108,94,94,96,99,97
Trinity,2007,2007-08,90,78,78,79,80,80
Trinity,2008,2008-09,117,99,99,98,102,102
Trinity,2009,2009-10,61,56,56,56,56,56
Trinity,2010,2010-11,116,95,95,95,96,96
Trinity,2011,2011-12,81,68,68,69,71,71
Trinity,2012,2012-13,91,73,73,75,74,74
Trinity,2013,2013-14,98,74,74,75,75,74
Trinity,2014,2014-15,87,76,77,77,80,80
Trinity,2015,2015-16,125,96,96,94,100,101
TRINITY,2016,2016-17,144,133,136,139,138,141
TRINITY,2017,2017-18,71,62,62,63,64,66
Tulare,2001,2001-02,7306,7052,7052,7062,7079,7109
Tulare,2002,2002-03,7403,7202,7237,7253,7261,7300
Tulare,2003,2003-04,7619,7431,7445,7463,7451,7548
Tulare,2004,2004-05,7727,7529,7537,7547,7563,7637
Tulare,2005,2005-06,8009,7830,7858,7856,7906,7948
Tulare,2006,2006-07,7976,7799,7814,7840,7870,7895
Tulare,2007,2007-08,8045,7839,7882,7856,7936,7961
Tulare,2008,2008-09,8173,7949,8012,8019,8074,8101
Tulare,2009,2009-10,7442,7190,7247,7232,7314,7332
Tulare,2010,2010-11,8323,8107,8073,8113,8197,8216
Tulare,2011,2011-12,8529,8264,8286,8268,8369,8397
Tulare,2012,2012-13,8640,8291,8305,8291,8459,8488
Tulare,2013,2013-14,8695,8438,8465,8459,8512,8522
Tulare,2014,2014-15,9286,9031,9057,9045,9123,9148
Tulare,2015,2015-16,9242,9016,9060,9071,9107,9135
TULARE,2016,2016-17,9243,9130,9165,9159,9178,9201
TULARE,2017,2017-18,9450,9326,9367,9353,9389,9401
Tuolumne,2001,2001-02,564,480,485,460,508,475
Tuolumne,2002,2002-03,519,461,460,462,473,475
Tuolumne,2003,2003-04,501,434,435,435,442,439
Tuolumne,2004,2004-05,529,490,491,493,497,497
Tuolumne,2005,2005-06,464,412,409,407,427,425
Tuolumne,2006,2006-07,509,438,439,441,468,465
Tuolumne,2007,2007-08,443,347,348,349,389,380
Tuolumne,2008,2008-09,519,416,418,423,449,445
Tuolumne,2009,2009-10,473,366,373,363,412,407
Tuolumne,2010,2010-11,435,347,343,341,379,384
Tuolumne,2011,2011-12,494,398,396,379,413,420
Tuolumne,2012,2012-13,446,352,349,349,380,377
Tuolumne,2013,2013-14,518,398,401,401,428,427
Tuolumne,2014,2014-15,438,361,366,353,389,395
Tuolumne,2015,2015-16,547,447,453,449,486,481
TUOLUMNE,2016,2016-17,570,519,520,518,523,528
TUOLUMNE,2017,2017-18,620,553,557,565,574,576
Ventura,2001,2001-02,12034,11346,11468,11249,11561,11486
Ventura,2002,2002-03,12308,11631,11788,11566,11880,11737
Ventura,2003,2003-04,11900,11274,11328,11296,11424,11495
Ventura,2004,2004-05,11568,10902,10997,10908,11129,11075
Ventura,2005,2005-06,11665,10835,10916,10893,11183,11091
Ventura,2006,2006-07,11228,10537,10590,10646,10814,10845
Ventura,2007,2007-08,11071,10392,10434,10406,10740,10746
Ventura,2008,2008-09,11551,10603,10720,10750,11076,11116
Ventura,2009,2009-10,11683,10690,10800,10845,11209,11247
Ventura,2010,2010-11,11830,10835,10770,10848,11328,11320
Ventura,2011,2011-12,12111,11075,11092,11166,11566,11566
Ventura,2012,2012-13,12000,10963,10981,10987,11419,11433
Ventura,2013,2013-14,11757,10672,10746,10705,11164,11195
Ventura,2014,2014-15,12048,11065,11131,11044,11426,11462
Ventura,2015,2015-16,12622,11977,12024,12024,12162,12200
VENTURA,2016,2016-17,12247,11926,11941,11956,11972,12052
VENTURA,2017,2017-18,12056,11695,11714,11720,11784,11841
Yolo,2001,2001-02,2285,2181,2193,2173,2201,2203
Yolo,2002,2002-03,2430,2319,2336,2329,2338,2349
Yolo,2003,2003-04,2237,2156,2156,2160,2182,2180
Yolo,2004,2004-05,2234,2152,2155,2162,2161,2170
Yolo,2005,2005-06,2304,2247,2243,2242,2247,2264
Yolo,2006,2006-07,2277,2191,2192,2188,2215,2226
Yolo,2007,2007-08,2391,2272,2271,2273,2325,2331
Yolo,2008,2008-09,2441,2259,2269,2264,2339,2352
Yolo,2009,2009-10,2380,2257,2262,2258,2286,2302
Yolo,2010,2010-11,2423,2229,2210,2235,2307,2333
Yolo,2011,2011-12,2568,2420,2431,2415,2467,2476
Yolo,2012,2012-13,2406,2249,2252,2240,2277,2305
Yolo,2013,2013-14,2555,2374,2381,2372,2422,2433
Yolo,2014,2014-15,2478,2333,2331,2330,2364,2377
Yolo,2015,2015-16,2713,2530,2535,2538,2565,2588
YOLO,2016,2016-17,2830,2766,2771,2773,2763,2793
YOLO,2017,2017-18,2779,2666,2679,2676,2694,2726
Yuba,2001,2001-02,1220,1105,1120,1120,1166,1110
Yuba,2002,2002-03,1209,1103,1119,1110,1157,1134
Yuba,2003,2003-04,1120,1012,1039,1030,1083,1084
Yuba,2004,2004-05,1054,990,1000,994,1025,1027
Yuba,2005,2005-06,1160,1050,1066,1064,1103,1114
Yuba,2006,2006-07,1172,1098,1098,1106,1125,1135
Yuba,2007,2007-08,1133,1045,1050,1051,1102,1108
Yuba,2008,2008-09,1153,1072,1078,1072,1103,1113
Yuba,2009,2009-10,1178,1094,1093,1102,1147,1147
Yuba,2010,2010-11,1214,1091,1086,1093,1151,1158
Yuba,2011,2011-12,1222,1116,1126,1123,1174,1185
Yuba,2012,2012-13,1231,1110,1118,1107,1169,1173
Yuba,2013,2013-14,1274,1196,1208,1193,1232,1237
Yuba,2014,2014-15,1251,1209,1212,1206,1215,1220
Yuba,2015,2015-16,1385,1330,1340,1332,1354,1355
YUBA,2016,2016-17,1478,1436,1446,1453,1450,1461
YUBA,2017,2017-18,1420,1326,1344,1358,1383,1392
